journal	year	total_articles	dh_articles	review_only_articles	dh_term_occurrences	review_only_occurrences
American Historical Review	2000	2020	0	0	0	0
American Historical Review	2001	2143	0	2	0	4
American Historical Review	2002	1941	0	0	0	0
American Historical Review	2003	1884	0	1	0	1
American Historical Review	2004	1969	0	0	0	0
American Historical Review	2005	1652	0	3	0	3
American Historical Review	2006	1297	0	1	0	1
American Historical Review	2007	1190	0	0	0	0
American Historical Review	2008	1280	0	1	0	1
American Historical Review	2009	1080	0	3	0	5
American Historical Review	2010	1013	0	2	0	2
American Historical Review	2011	1042	0	3	0	5
American Historical Review	2012	1106	0	2	0	2
American Historical Review	2013	998	0	1	0	1
American Historical Review	2014	1149	2	1	2	1
American Historical Review	2015	1142	0	1	0	1
American Historical Review	2016	1038	5	5	5	5
American Historical Review	2017	992	2	6	2	7
American Historical Review	2018	1088	0	5	0	5
American Historical Review	2019	1277	2	7	2	14
American Historical Review	2020	636	1	4	4	4
American Historical Review	2021	641	1	3	1	4
American Historical Review	2022	446	1	2	1	2
American Historical Review	2023	492	1	0	1	0
American Historical Review	2024	589	3	2	5	2
American Historical Review	2025	926	1	1	1	1
Critical Inquiry	2000	55	0	0	0	0
Critical Inquiry	2001	54	0	0	0	0
Critical Inquiry	2002	41	0	0	0	0
Critical Inquiry	2003	62	0	0	0	0
Critical Inquiry	2004	142	0	0	0	0
Critical Inquiry	2005	130	0	0	0	0
Critical Inquiry	2006	96	0	0	0	0
Critical Inquiry	2007	89	0	0	0	0
Critical Inquiry	2008	86	0	0	0	0
Critical Inquiry	2009	97	2	0	4	0
Critical Inquiry	2010	48	0	0	0	0
Critical Inquiry	2011	61	0	0	0	0
Critical Inquiry	2012	48	0	0	0	0
Critical Inquiry	2013	37	0	0	0	0
Critical Inquiry	2014	100	0	0	0	0
Critical Inquiry	2015	60	0	0	0	0
Critical Inquiry	2016	96	0	0	0	0
Critical Inquiry	2017	96	0	0	0	0
Critical Inquiry	2018	98	0	0	0	0
Critical Inquiry	2019	101	1	1	1	1
Critical Inquiry	2020	132	1	1	1	1
Critical Inquiry	2021	88	0	0	0	0
Critical Inquiry	2022	85	0	2	0	2
Critical Inquiry	2023	94	2	0	3	0
Critical Inquiry	2024	95	0	1	0	1
Critical Inquiry	2025	60	1	0	1	0
Cultural Analytics	2016	11	2	0	4	0
Cultural Analytics	2017	8	4	0	10	0
Cultural Analytics	2018	15	0	0	0	0
Cultural Analytics	2019	28	7	0	10	0
Cultural Analytics	2020	37	5	1	8	1
Cultural Analytics	2021	33	10	6	12	7
Cultural Analytics	2022	16	9	0	19	0
Cultural Analytics	2023	19	6	3	14	5
Cultural Analytics	2024	30	11	2	18	2
Cultural Analytics	2025	14	3	1	3	1
Digital Scholarship in the Humanities	2005	41	1	4	1	4
Digital Scholarship in the Humanities	2006	7	0	0	0	0
Digital Scholarship in the Humanities	2012	1	0	0	0	0
Digital Scholarship in the Humanities	2013	18	7	1	13	2
Digital Scholarship in the Humanities	2014	44	8	6	24	6
Digital Scholarship in the Humanities	2015	69	21	8	46	11
Digital Scholarship in the Humanities	2016	62	13	5	27	10
Digital Scholarship in the Humanities	2017	66	18	9	34	17
Digital Scholarship in the Humanities	2018	89	24	11	38	18
Digital Scholarship in the Humanities	2019	96	30	7	64	11
Digital Scholarship in the Humanities	2020	75	20	11	40	16
Digital Scholarship in the Humanities	2021	113	35	15	68	25
Digital Scholarship in the Humanities	2022	94	41	18	95	33
Digital Scholarship in the Humanities	2023	93	28	10	65	16
Digital Scholarship in the Humanities	2024	105	30	8	64	16
Digital Scholarship in the Humanities	2025	161	53	8	106	18
ELH	2000	39	0	0	0	0
ELH	2001	39	0	0	0	0
ELH	2002	39	0	0	0	0
ELH	2003	43	0	0	0	0
ELH	2004	42	0	0	0	0
ELH	2005	41	0	0	0	0
ELH	2006	38	0	0	0	0
ELH	2007	41	0	0	0	0
ELH	2008	40	0	0	0	0
ELH	2009	41	0	0	0	0
ELH	2010	41	0	0	0	0
ELH	2011	39	0	0	0	0
ELH	2012	40	0	1	0	2
ELH	2013	47	0	0	0	0
ELH	2014	52	0	0	0	0
ELH	2015	46	1	0	2	0
ELH	2016	45	1	1	1	1
ELH	2017	41	0	0	0	0
ELH	2018	43	0	0	0	0
ELH	2019	42	3	0	10	0
ELH	2020	42	1	0	2	0
ELH	2021	41	0	0	0	0
ELH	2022	41	0	0	0	0
ELH	2023	41	0	0	0	0
ELH	2024	42	0	0	0	0
ELH	2025	46	0	0	0	0
English Literature in Transition 1880-1920	2000	16	0	0	0	0
English Literature in Transition 1880-1920	2001	21	0	0	0	0
English Literature in Transition 1880-1920	2002	20	0	0	0	0
English Literature in Transition 1880-1920	2003	16	0	0	0	0
English Literature in Transition 1880-1920	2004	30	0	0	0	0
English Literature in Transition 1880-1920	2005	32	0	0	0	0
English Literature in Transition 1880-1920	2006	35	0	0	0	0
English Literature in Transition 1880-1920	2007	58	0	0	0	0
English Literature in Transition 1880-1920	2008	31	0	0	0	0
English Literature in Transition 1880-1920	2009	46	0	0	0	0
English Literature in Transition 1880-1920	2010	13	0	0	0	0
English Literature in Transition 1880-1920	2011	18	0	0	0	0
English Literature in Transition 1880-1920	2012	8	0	0	0	0
English Literature in Transition 1880-1920	2013	22	0	0	0	0
English Literature in Transition 1880-1920	2014	15	0	0	0	0
English Literature in Transition 1880-1920	2015	14	0	0	0	0
English Literature in Transition 1880-1920	2016	14	0	0	0	0
English Literature in Transition 1880-1920	2017	12	0	0	0	0
English Literature in Transition 1880-1920	2018	8	0	0	0	0
English Literature in Transition 1880-1920	2019	11	0	0	0	0
English Literature in Transition 1880-1920	2020	5	0	0	0	0
History and Theory	2000	45	0	0	0	0
History and Theory	2001	43	0	0	0	0
History and Theory	2002	43	0	0	0	0
History and Theory	2003	43	0	0	0	0
History and Theory	2004	48	0	0	0	0
History and Theory	2005	46	0	0	0	0
History and Theory	2006	47	0	0	0	0
History and Theory	2007	48	0	0	0	0
History and Theory	2008	54	0	0	0	0
History and Theory	2009	47	0	1	0	1
History and Theory	2010	45	0	1	0	1
History and Theory	2011	48	0	0	0	0
History and Theory	2012	46	0	0	0	0
History and Theory	2013	46	0	0	0	0
History and Theory	2014	50	0	0	0	0
History and Theory	2015	50	0	0	0	0
History and Theory	2016	52	0	0	0	0
History and Theory	2017	55	0	0	0	0
History and Theory	2018	54	0	0	0	0
History and Theory	2019	55	0	0	0	0
History and Theory	2020	51	0	0	0	0
History and Theory	2021	57	0	0	0	0
History and Theory	2022	50	0	1	0	1
History and Theory	2023	48	0	0	0	0
History and Theory	2024	45	0	0	0	0
History and Theory	2025	50	0	0	0	0
James Joyce Quarterly	2000	20	0	0	0	0
James Joyce Quarterly	2001	19	0	0	0	0
James Joyce Quarterly	2002	33	0	0	0	0
James Joyce Quarterly	2003	58	0	0	0	0
James Joyce Quarterly	2004	19	0	0	0	0
James Joyce Quarterly	2006	23	0	0	0	0
James Joyce Quarterly	2007	100	1	0	1	0
James Joyce Quarterly	2008	81	0	1	0	1
James Joyce Quarterly	2009	85	0	1	0	1
James Joyce Quarterly	2010	79	0	0	0	0
James Joyce Quarterly	2011	88	1	0	1	0
James Joyce Quarterly	2012	102	1	1	3	1
James Joyce Quarterly	2013	104	0	1	0	1
James Joyce Quarterly	2014	55	0	0	0	0
James Joyce Quarterly	2015	69	2	1	3	1
James Joyce Quarterly	2016	50	2	1	2	1
James Joyce Quarterly	2017	50	0	1	0	1
James Joyce Quarterly	2018	28	1	1	2	1
James Joyce Quarterly	2019	106	0	3	0	6
James Joyce Quarterly	2020	46	0	0	0	0
James Joyce Quarterly	2021	49	1	0	1	0
James Joyce Quarterly	2022	85	1	0	1	0
James Joyce Quarterly	2023	65	1	0	1	0
James Joyce Quarterly	2024	30	0	0	0	0
James Joyce Quarterly	2025	23	0	0	0	0
Journal of Modern Literature	2000	47	0	0	0	0
Journal of Modern Literature	2001	60	0	0	0	0
Journal of Modern Literature	2002	57	0	0	0	0
Journal of Modern Literature	2003	95	0	0	0	0
Journal of Modern Literature	2004	56	0	0	0	0
Journal of Modern Literature	2005	87	0	0	0	0
Journal of Modern Literature	2006	99	0	1	0	1
Journal of Modern Literature	2007	69	0	0	0	0
Journal of Modern Literature	2008	58	0	0	0	0
Journal of Modern Literature	2009	65	0	0	0	0
Journal of Modern Literature	2010	53	0	0	0	0
Journal of Modern Literature	2011	58	0	0	0	0
Journal of Modern Literature	2012	63	0	0	0	0
Journal of Modern Literature	2013	59	0	0	0	0
Journal of Modern Literature	2014	58	0	0	0	0
Journal of Modern Literature	2015	66	0	0	0	0
Journal of Modern Literature	2016	60	1	0	3	0
Journal of Modern Literature	2017	63	0	0	0	0
Journal of Modern Literature	2018	67	0	0	0	0
Journal of Modern Literature	2019	61	0	1	0	2
Journal of Modern Literature	2020	62	1	0	1	0
Journal of Modern Literature	2021	63	0	0	0	0
Journal of Modern Literature	2022	41	0	0	0	0
Journal of Modern Literature	2023	96	0	0	0	0
Journal of Modern Literature	2024	52	0	0	0	0
Journal of Modern Literature	2025	53	0	0	0	0
Modern Philology	2000	117	0	0	0	0
Modern Philology	2001	123	0	0	0	0
Modern Philology	2002	136	0	0	0	0
Modern Philology	2003	56	0	0	0	0
Modern Philology	2004	92	0	0	0	0
Modern Philology	2005	75	0	0	0	0
Modern Philology	2006	77	0	0	0	0
Modern Philology	2007	74	0	0	0	0
Modern Philology	2008	99	0	0	0	0
Modern Philology	2009	90	0	0	0	0
Modern Philology	2010	105	0	1	0	1
Modern Philology	2011	104	0	0	0	0
Modern Philology	2012	110	0	0	0	0
Modern Philology	2013	151	0	2	0	3
Modern Philology	2014	154	3	3	4	3
Modern Philology	2015	104	1	2	1	4
Modern Philology	2016	137	1	2	1	8
Modern Philology	2017	151	0	0	0	0
Modern Philology	2018	72	1	2	1	3
Modern Philology	2019	125	2	1	2	1
Modern Philology	2020	118	0	3	0	6
Modern Philology	2021	83	2	0	2	0
Modern Philology	2022	83	2	2	3	3
Modern Philology	2023	98	0	0	0	0
Modern Philology	2024	64	0	0	0	0
Modern Philology	2025	48	0	0	0	0
Modernism/modernity	2000	72	0	0	0	0
Modernism/modernity	2001	98	0	0	0	0
Modernism/modernity	2002	80	0	0	0	0
Modernism/modernity	2003	96	0	0	0	0
Modernism/modernity	2004	100	0	0	0	0
Modernism/modernity	2005	93	0	0	0	0
Modernism/modernity	2006	120	0	0	0	0
Modernism/modernity	2007	99	0	0	0	0
Modernism/modernity	2008	97	0	0	0	0
Modernism/modernity	2009	116	0	1	0	1
Modernism/modernity	2010	102	0	0	0	0
Modernism/modernity	2011	113	0	1	0	1
Modernism/modernity	2012	102	0	0	0	0
Modernism/modernity	2013	116	0	0	0	0
Modernism/modernity	2014	102	0	1	0	1
Modernism/modernity	2015	71	0	2	0	2
Modernism/modernity	2016	90	0	1	0	2
Modernism/modernity	2017	76	0	1	0	1
Modernism/modernity	2018	73	1	0	1	0
Modernism/modernity	2019	73	0	0	0	0
Modernism/modernity	2020	73	0	0	0	0
Modernism/modernity	2021	89	0	0	0	0
Modernism/modernity	2022	53	0	0	0	0
Modernism/modernity	2023	68	1	0	1	0
Modernism/modernity	2024	67	0	0	0	0
Modernism/modernity	2025	61	0	0	0	0
New Literary History	2000	53	0	0	0	0
New Literary History	2001	58	0	0	0	0
New Literary History	2002	46	0	0	0	0
New Literary History	2003	51	0	0	0	0
New Literary History	2004	48	0	1	0	3
New Literary History	2005	46	0	0	0	0
New Literary History	2006	59	0	0	0	0
New Literary History	2007	50	0	0	0	0
New Literary History	2008	68	0	0	0	0
New Literary History	2009	65	0	0	0	0
New Literary History	2010	57	0	0	0	0
New Literary History	2011	48	0	0	0	0
New Literary History	2012	46	0	0	0	0
New Literary History	2013	42	1	0	1	0
New Literary History	2014	42	1	0	1	0
New Literary History	2015	46	2	0	4	0
New Literary History	2016	35	1	0	1	0
New Literary History	2017	42	4	0	6	0
New Literary History	2018	41	1	0	1	0
New Literary History	2019	71	0	0	0	0
New Literary History	2020	55	0	0	0	0
New Literary History	2021	30	1	0	1	0
New Literary History	2022	43	6	2	11	3
New Literary History	2023	31	1	0	2	0
New Literary History	2024	40	0	0	0	0
New Literary History	2025	51	0	0	0	0
Novel	2000	39	0	0	0	0
Novel	2001	29	0	0	0	0
Novel	2002	26	0	0	0	0
Novel	2003	19	0	0	0	0
Novel	2004	41	0	0	0	0
Novel	2005	29	0	0	0	0
Novel	2006	29	0	0	0	0
Novel	2007	50	0	0	0	0
Novel	2008	18	0	0	0	0
Novel	2009	71	0	0	0	0
Novel	2010	63	0	0	0	0
Novel	2011	66	0	0	0	0
Novel	2012	55	0	0	0	0
Novel	2013	51	0	0	0	0
Novel	2014	41	0	0	0	0
Novel	2015	52	1	1	1	7
Novel	2016	53	2	2	6	2
Novel	2017	44	1	0	2	0
Novel	2018	39	0	0	0	0
Novel	2019	44	1	0	1	0
Novel	2020	40	1	0	5	0
Novel	2021	46	4	1	9	5
Novel	2022	34	0	1	0	2
Novel	2023	38	0	0	0	0
Novel	2024	35	0	0	0	0
Novel	2025	40	1	1	7	3
PMLA	2000	283	0	0	0	0
PMLA	2001	256	0	0	0	0
PMLA	2002	262	0	0	0	0
PMLA	2003	243	0	0	0	0
PMLA	2004	248	0	0	0	0
PMLA	2005	274	0	0	0	0
PMLA	2006	328	0	1	0	1
PMLA	2007	292	0	8	0	8
PMLA	2008	298	0	0	0	0
PMLA	2009	310	0	1	0	1
PMLA	2010	170	1	0	1	0
PMLA	2011	165	0	0	0	0
PMLA	2012	157	0	0	0	0
PMLA	2013	172	2	3	12	3
PMLA	2014	147	0	0	0	0
PMLA	2015	156	0	1	0	1
PMLA	2016	168	10	0	21	0
PMLA	2017	146	10	0	26	0
PMLA	2018	134	3	2	7	2
PMLA	2019	130	0	1	0	1
PMLA	2020	117	12	2	18	2
PMLA	2021	87	0	0	0	0
PMLA	2022	100	0	0	0	0
PMLA	2023	126	0	0	0	0
PMLA	2024	95	0	1	0	2
PMLA	2025	100	1	0	1	0
Shakespeare Quarterly	2000	85	0	0	0	0
Shakespeare Quarterly	2001	76	0	0	0	0
Shakespeare Quarterly	2002	71	0	0	0	0
Shakespeare Quarterly	2003	78	0	0	0	0
Shakespeare Quarterly	2004	77	0	0	0	0
Shakespeare Quarterly	2005	61	0	0	0	0
Shakespeare Quarterly	2006	68	0	0	0	0
Shakespeare Quarterly	2007	71	0	0	0	0
Shakespeare Quarterly	2008	69	0	0	0	0
Shakespeare Quarterly	2009	68	0	0	0	0
Shakespeare Quarterly	2010	60	1	0	2	0
Shakespeare Quarterly	2011	55	0	2	0	2
Shakespeare Quarterly	2012	67	0	0	0	0
Shakespeare Quarterly	2013	64	0	0	0	0
Shakespeare Quarterly	2014	50	0	0	0	0
Shakespeare Quarterly	2015	83	0	1	0	1
Shakespeare Quarterly	2016	73	0	0	0	0
Shakespeare Quarterly	2017	49	1	0	1	0
Shakespeare Quarterly	2018	30	0	0	0	0
Shakespeare Quarterly	2019	39	0	0	0	0
Shakespeare Quarterly	2020	36	0	0	0	0
Shakespeare Quarterly	2021	33	0	0	0	0
Shakespeare Quarterly	2022	34	0	0	0	0
Shakespeare Quarterly	2023	46	0	0	0	0
Shakespeare Quarterly	2024	48	0	0	0	0
Shakespeare Quarterly	2025	39	0	0	0	0
Victorian Studies	2000	159	0	0	0	0
Victorian Studies	2001	328	0	0	0	0
Victorian Studies	2002	298	0	2	0	4
Victorian Studies	2003	283	0	2	0	2
Victorian Studies	2004	231	0	4	0	19
Victorian Studies	2005	231	0	1	0	1
Victorian Studies	2006	240	0	0	0	0
Victorian Studies	2007	180	0	0	0	0
Victorian Studies	2008	156	0	1	0	1
Victorian Studies	2009	163	0	0	0	0
Victorian Studies	2010	178	0	0	0	0
Victorian Studies	2011	191	3	2	15	2
Victorian Studies	2012	170	1	2	1	2
Victorian Studies	2013	175	1	0	1	0
Victorian Studies	2014	224	1	1	2	1
Victorian Studies	2015	238	0	0	0	0
Victorian Studies	2016	255	5	2	8	2
Victorian Studies	2017	219	2	2	2	3
Victorian Studies	2018	189	2	3	9	7
Victorian Studies	2019	163	2	1	2	1
Victorian Studies	2020	132	0	1	0	2
Victorian Studies	2021	104	0	3	0	3
Victorian Studies	2022	197	9	4	11	8
Victorian Studies	2023	236	1	3	1	4
Victorian Studies	2024	148	1	0	2	0
Victorian Studies	2025	86	1	0	1	0
