wk	title	author	gold_qid_final	sitelink_count
OL35695219W	Ulysses	James Joyce	Q6511	166
OL31971259W	Heart of Darkness	Conrad, Joseph	Q129778	57
OL86320W	Dubliners	Joyce, James	Q459592	45
OL276470W	The Ambassadors	James, Henry	Q650571	13
OL82870W	The Sound and the Fury	William Faulkner	Q135515	42
OL38989822W	A portrait of the artist as a young man	Joyce, James	Q465360	45
OL1794919W	The Pit	Frank Norris	Q7757284	3
OL82929W	As I Lay Dying	William Faulkner	Q1544119	28
OL39360W	Orlando	Virginia Woolf	Q1629456	28
OL35353208W	The Great Gatsby	F. Scott Fitzgerald	Q214371	84
OL39349W	Mrs. Dalloway	Virginia Woolf	Q752584	40
OL40252771W	Turn of the Screw	Henry James	Q625923	0
OL81295W	Sons and Lovers	Lawrence, D. H.	Q80771	28
OL40434746W	Tess of the D'Urbervilles	Thomas Hardy	Q649409	35
OL18814811W	Looking backward	Bellamy, Edward	Q1305106	19
OL98491W	The Age of Innocence	Edith Wharton	Q1045464	22
OL42236259W	The house of mirth	Edith Wharton	Q6474536	0
OL39396W	To the Lighthouse	Virginia Woolf	Q478016	43
OL51141W	The job	Sinclair Lewis	Q7743319	0
OL62979W	The Sun Also Rises	Ernest Hemingway	Q501351	49
OL1168083W	Nineteen Eighty-Four	George Orwell	Q208460	136
OL42517032W	The red badge of courage	Crane, Stephen	Q1219239	24
OL43405505W	Lady Chatterley's lover	Lawrence, D. H.	Q750670	0
OL112798W	The marrow of tradition	Charles Waddell Chesnutt		0
OL100203W	Sister Carrie	Theodore Dreiser	Q1286961	21
OL20172W	Kim	Kipling, Rudyard	Q19086249	1
OL276365W	The Portrait of a Lady	James, Henry	Q861017	27
OL8193416W	The Picture of Dorian Gray	Oscar Wilde	Q82464	81
OL1794911W	McTeague	Frank Norris	Q11772710	5
OL509919W	Parade's End	Ford Madox Ford	Q5579026	0
OL52267W	The Time Machine	H. G. Wells	Q627333	57
OL44622934W	The jungle	Upton Sinclair	Q260205	0
OL88881W	Howards End	E. M. Forster	Q1146642	18
OL100196W	"The ""genius"""	Theodore Dreiser	Q4593382	0
OL38827W	The shadow-line	Conrad, Joseph	Q1120858	0
OL468488W	This Side of Paradise	F. Scott Fitzgerald	Q2581681	18
OL27834207W	The Return of the Soldier	Rebecca West	Q7760466	3
OL35383W	Three Lives	Gertrude Stein	Q7797597	4
OL100237W	The Financier	Theodore Dreiser	Q577607	9
OL37277W	The Autobiography of Alice B. Toklas	Gertrude Stein	Q6618986	10
OL144822W	Martin Eden	Jack London	Q1317839	48
OL63009W	For Whom the Bell Tolls	Ernest Hemingway	Q200920	65
OL18561767W	The story of an African farm	Olive Schreiner	Q7766827	0
OL14864528W	The rise of David Levinsky	Abraham Cahan	Q7760882	0
OL39329W	Jacob's Room	Virginia Woolf	Q1677745	13
OL98501W	Ethan Frome	Edith Wharton	Q5402934	18
OL41540816W	Robert Elsmere	Humphry Ward	Q7344052	3
OL4315764W	The Heavenly Twins	Sarah Grand		0
OL20839W	Maggie, a girl of the streets	Crane, Stephen	Q3276774	0
OL12781W	Alexander's Bridge	Willa Cather	Q4718102	3
OL24034W	Treasure Island	Robert Louis Stevenson	Q185118	84
OL88813W	A Room with a View	E. M. Forster	Q120288	23
OL468362W	The Beautiful and Damned	F. Scott Fitzgerald	Q2531205	16
OL715621W	The odd women	George Gissing	Q7754692	0
OL14942956W	The Call of the Wild	Jack London	Q476871	51
OL1217993W	Three soldiers	John Dos Passos	Q7797826	4
OL65437W	At Fault	Kate Chopin	Q131573518	0
OL5293697W	New day	Victor Stafford Reid	Q16387293	0
OL1253285W	The Scarlet Pimpernel	Orczy, Emmuska Orczy	Q1249536	29
OL4390503W	Gone to Earth	Mary Gladys Meredith Webb	Q109284453	1
OL4902750W	Java Head	Joseph Hergesheimer	Q107000085	0
OL109231W	Leonora	Bennett, Arnold		0
OL507321W	Pembroke	Mary Eleanor Wilkins Freeman	Q7161943	2
OL2339087W	The Red Axe	S. R. Crockett		0
OL1797270W	Senator North	Atherton, Gertrude Franklin Horn		0
OL1418251W	Tarzan of the Apes	Edgar Rice Burroughs	Q655296	25
OL262473W	The Mystery of Cloomber	Doyle, Arthur Conan	Q4449924	7
OL13144755W	The Homeward Trail	Waldron Baily		0
OL9056552W	The prisoner of Zenda	Hope, Anthony	Q1193766	0
OL74504W	White Fang	Jack London	Q152267	45
OL1799163W	Hearts courageous	Rives, Hallie Erminie		0
OL5138118W	The Golden Cage	Iris Bromige		0
OL1487721W	Alas!	Rhoda Broughton	Q111301777	0
OL2107271W	Stepsons of light	Eugene Manlove Rhodes		0
OL15345521W	The good soldier	Jaroslav Hašek		0
OL109153W	The Grand Babylon Hotel	Bennett, Arnold	Q7737468	3
OL505740W	The moon and sixpence	W. Somerset Maugham		0
OL7461553W	The innocents	Alfred Machard		0
OL115067W	King Coal	Upton Sinclair	Q16386559	2
OL15062619W	Dracula	Martin Harry Greenberg		0
OL4971729W	Megda	Emma Dunham Kelley		0
OL6926191W	The sea witch	Laing, Alexander		0
OL111382W	The Yearling	Marjorie Kinnan Rawlings	Q429806	11
OL7842965W	Trelawny	Holman Freeland		0
OL485410W	The border legion	Zane Grey	Q7719393	0
OL7541646W	Princess Salome	Burris Jenkins		0
OL20163024W	The Damascus Road	Jay Parini		0
OL1794917W	The octopus, a story of California	Frank Norris	Q7754678	2
OL715553W	Textplus - New Grub Street	George Gissing	Q7007870	0
OL16025215W	Novels (Adventures of Huckleberry Finn / Adventures of Tom Sawyer)	Mark Twain		0
OL3045976W	Pointed Roofs. Pilgrimage	Dorothy Miller Richardson		0
OL2337481W	The Frontiersmen	Charles Egbert Craddock		0
OL1797345W	The uncalled, a novel	Paul Laurence Dunbar	Q130332685	0
OL39108W	The Secret Agent	Conrad, Joseph	Q1247666	21
OL468485W	Tender is the Night	F. Scott Fitzgerald	Q247372	32
OL19870W	The Jungle Book	Kipling, Rudyard	Q189509	69
OL44014215W	Strange case of Dr. Jekyll and Mr. Hyde	Robert Louis Stevenson	Q217352	59
OL462007W	Peter Pan	J. M. Barrie	Q3435337	33
OL1154817W	The Crock of Gold	Stephens, James	Q7728134	1
OL18397742W	The North Star	M. E. Henry-Ruffin		0
OL39453744W	Jude the obscure	Hardy, Thomas	Q1248773	18
OL65430W	The Awakening	Kate Chopin	Q1567505	15
OL98585W	The Custom of the Country	Edith Wharton	Q7728505	3
OL69032W	The Rise of Silas Lapham	William Dean Howells	Q7760892	2
