work_key	title	author	year	edition_count	pred_qid	log
/works/OL18417W	The Wonderful Wizard of Oz	Baum, L. Frank	1899	2052	Q130295	a | u | t | h | o | r | = | L | . |   | F | r | a | n | k |   | B | a | u | m |   | | |   | q | i | d | = | Q | 2 | 0 | 7 | 5 | 4 | 4 | ( | A | _ | e | x | a | c | t | ) |   | | |   | w | o | r | k | s | = | 1 | 0 | 0 |   | | |   | l | l | m | = | Q | 1 | 3 | 0 | 2 | 9 | 5
/works/OL69612W	The Secret Garden	Frances Hodgson Burnett	1911	1594	Q472194	a | u | t | h | o | r | = | F | r | a | n | c | e | s |   | H | o | d | g | s | o | n |   | B | u | r | n | e | t | t |   | | |   | q | i | d | = | Q | 2 | 7 | 6 | 0 | 2 | 8 | ( | A | _ | e | x | a | c | t | ) |   | | |   | w | o | r | k | s | = | 1 | 0 | 0 |   | | |   | l | l | m | = | Q | 4 | 7 | 2 | 1 | 9 | 4
/works/OL262496W	A Study in Scarlet	Doyle, Arthur Conan	1887	1447	Q223131	a | u | t | h | o | r | = | A | r | t | h | u | r |   | C | o | n | a | n |   | D | o | y | l | e |   | | |   | q | i | d | = | Q | 3 | 5 | 6 | 1 | 0 | ( | A | _ | e | x | a | c | t | ) |   | | |   | w | o | r | k | s | = | 1 | 0 | 0 |   | | |   | l | l | m | = | Q | 2 | 2 | 3 | 1 | 3 | 1
/works/OL28570037W	The Wind in the Willows	Kenneth Grahame	1908	1346	Q936276	a | u | t | h | o | r | = | K | e | n | n | e | t | h |   | G | r | a | h | a | m | e |   | | |   | q | i | d | = | Q | 3 | 1 | 4 | 8 | 9 | 7 | ( | A | _ | e | x | a | c | t | ) |   | | |   | w | o | r | k | s | = | 2 | 8 |   | | |   | l | l | m | = | Q | 9 | 3 | 6 | 2 | 7 | 6
/works/OL262454W	The Hound of the Baskervilles	Doyle, Arthur Conan	1900	1308	Q45192	a | u | t | h | o | r | = | A | r | t | h | u | r |   | C | o | n | a | n |   | D | o | y | l | e |   | | |   | q | i | d | = | Q | 3 | 5 | 6 | 1 | 0 | ( | A | _ | e | x | a | c | t | ) |   | | |   | w | o | r | k | s | = | 1 | 0 | 0 |   | | |   | l | l | m | = | Q | 4 | 5 | 1 | 9 | 2
/works/OL77746W	Anne of Green Gables	L. M. Montgomery	1908	1299	Q27245478	a | u | t | h | o | r | = | L | . |   | M | . |   | M | o | n | t | g | o | m | e | r | y |   | | |   | q | i | d | = | Q | 2 | 7 | 3 | 0 | 3 | 4 | ( | B | _ | l | a | s | t | n | a | m | e | _ | l | l | m | ) |   | | |   | w | o | r | k | s | = | 1 | 0 | 0 |   | | |   | l | l | m | = | Q | 2 | 7 | 2 | 4 | 5 | 4 | 7 | 8
/works/OL1793164W	Three Men in a Boat (to say nothing of the dog)	Jerome, Jerome K.	1889	1133	Q955910	a | u | t | h | o | r | = | J | e | r | o | m | e |   | K | . |   | J | e | r | o | m | e |   | | |   | q | i | d | = | Q | 2 | 1 | 8 | 6 | 9 | 8 | ( | A | _ | e | x | a | c | t | ) |   | | |   | w | o | r | k | s | = | 7 | 5 |   | | |   | l | l | m | = | Q | 9 | 5 | 5 | 9 | 1 | 0
/works/OL262421W	The Adventures of Sherlock Holmes [12 stories]	Doyle, Arthur Conan	1892	1132	Q392147	a | u | t | h | o | r | = | A | r | t | h | u | r |   | C | o | n | a | n |   | D | o | y | l | e |   | | |   | q | i | d | = | Q | 3 | 5 | 6 | 1 | 0 | ( | A | _ | e | x | a | c | t | ) |   | | |   | w | o | r | k | s | = | 1 | 0 | 0 |   | | |   | l | l | m | = | Q | 3 | 9 | 2 | 1 | 4 | 7
/works/OL76487W	The Man Who Was Thursday	Chesterton, G. K.	1908	1105	Q959816	a | u | t | h | o | r | = | G | . |   | K | . |   | C | h | e | s | t | e | r | t | o | n |   | | |   | q | i | d | = | Q | 1 | 8 | 3 | 1 | 6 | 7 | ( | A | _ | e | x | a | c | t | ) |   | | |   | w | o | r | k | s | = | 1 | 0 | 0 |   | | |   | l | l | m | = | Q | 9 | 5 | 9 | 8 | 1 | 6
/works/OL17448W	King Solomon's Mines	H. Rider Haggard	1880	1091	Q1137494	a | u | t | h | o | r | = | H | . |   | R | i | d | e | r |   | H | a | g | g | a | r | d |   | | |   | q | i | d | = | Q | 2 | 3 | 7 | 1 | 9 | 6 | ( | A | _ | e | x | a | c | t | ) |   | | |   | w | o | r | k | s | = | 1 | 0 | 0 |   | | |   | l | l | m | = | Q | 1 | 1 | 3 | 7 | 4 | 9 | 4
/works/OL472715W	The Mysterious Affair at Styles	Agatha Christie	1920	1091	Q472228	a | u | t | h | o | r | = | A | g | a | t | h | a |   | C | h | r | i | s | t | i | e |   | | |   | q | i | d | = | Q | 3 | 5 | 0 | 6 | 4 | ( | A | _ | e | x | a | c | t | ) |   | | |   | w | o | r | k | s | = | 1 | 0 | 0 |   | | |   | l | l | m | = | Q | 4 | 7 | 2 | 2 | 2 | 8
/works/OL19842W	Captains Courageous	Kipling, Rudyard	1896	990	Q1035138	a | u | t | h | o | r | = | R | u | d | y | a | r | d |   | K | i | p | l | i | n | g |   | | |   | q | i | d | = | Q | 3 | 4 | 7 | 4 | 3 | ( | A | _ | e | x | a | c | t | ) |   | | |   | w | o | r | k | s | = | 1 | 0 | 0 |   | | |   | l | l | m | = | Q | 1 | 0 | 3 | 5 | 1 | 3 | 8
/works/OL99509W	The Railway Children	E. Nesbit	1900	985	Q969970	a | u | t | h | o | r | = | E | . |   | N | e | s | b | i | t |   | | |   | q | i | d | = | N | o | n | e | ( | F | A | I | L | E | D | ) |   | | |   | w | o | r | k | s | = | 0 |   | | |   | l | l | m | = | N | O | _ | M | A | T | C | H |   | | |   | f | a | l | l | b | a | c | k | = | Q | 9 | 6 | 9 | 9 | 7 | 0
/works/OL262438W	The Sign of Four	Doyle, Arthur Conan	1889	961	Q500688	a | u | t | h | o | r | = | A | r | t | h | u | r |   | C | o | n | a | n |   | D | o | y | l | e |   | | |   | q | i | d | = | Q | 3 | 5 | 6 | 1 | 0 | ( | A | _ | e | x | a | c | t | ) |   | | |   | w | o | r | k | s | = | 1 | 0 | 0 |   | | |   | l | l | m | = | Q | 5 | 0 | 0 | 6 | 8 | 8
/works/OL99499W	Five Children and It	E. Nesbit	1905	950	Q651866	a | u | t | h | o | r | = | E | . |   | N | e | s | b | i | t |   | | |   | q | i | d | = | N | o | n | e | ( | F | A | I | L | E | D | ) |   | | |   | w | o | r | k | s | = | 0 |   | | |   | l | l | m | = | N | O | _ | M | A | T | C | H |   | | |   | f | a | l | l | b | a | c | k | = | Q | 6 | 5 | 1 | 8 | 6 | 6
/works/OL76524W	The Thirty-Nine Steps	John Buchan	1915	881	Q2609365	a | u | t | h | o | r | = | J | o | h | n |   | B | u | c | h | a | n |   | | |   | q | i | d | = | Q | 3 | 3 | 3 | 0 | 0 | 4 | ( | A | _ | e | x | a | c | t | ) |   | | |   | w | o | r | k | s | = | 5 | 6 |   | | |   | l | l | m | = | Q | 2 | 6 | 0 | 9 | 3 | 6 | 5
/works/OL77764W	Anne's House of Dreams	L. M. Montgomery	1917	822	Q2420701	a | u | t | h | o | r | = | L | . |   | M | . |   | M | o | n | t | g | o | m | e | r | y |   | | |   | q | i | d | = | Q | 2 | 7 | 3 | 0 | 3 | 4 | ( | B | _ | l | a | s | t | n | a | m | e | _ | l | l | m | ) |   | | |   | w | o | r | k | s | = | 1 | 0 | 0 |   | | |   | l | l | m | = | Q | 2 | 4 | 2 | 0 | 7 | 0 | 1
/works/OL77744W	Anne of Avonlea	L. M. Montgomery	1909	813	Q1331757	a | u | t | h | o | r | = | L | . |   | M | . |   | M | o | n | t | g | o | m | e | r | y |   | | |   | q | i | d | = | Q | 2 | 7 | 3 | 0 | 3 | 4 | ( | B | _ | l | a | s | t | n | a | m | e | _ | l | l | m | ) |   | | |   | w | o | r | k | s | = | 1 | 0 | 0 |   | | |   | l | l | m | = | Q | 1 | 3 | 3 | 1 | 7 | 5 | 7
/works/OL471789W	The Secret Adversary	Agatha Christie	1922	800	Q617379	a | u | t | h | o | r | = | A | g | a | t | h | a |   | C | h | r | i | s | t | i | e |   | | |   | q | i | d | = | Q | 3 | 5 | 0 | 6 | 4 | ( | A | _ | e | x | a | c | t | ) |   | | |   | w | o | r | k | s | = | 1 | 0 | 0 |   | | |   | l | l | m | = | Q | 6 | 1 | 7 | 3 | 7 | 9
/works/OL54031W	A Connecticut Yankee in King Arthur's Court	Mark Twain	1889	788	Q848612	a | u | t | h | o | r | = | M | a | r | k |   | T | w | a | i | n |   | | |   | q | i | d | = | Q | 7 | 2 | 4 | 5 | ( | A | _ | e | x | a | c | t | ) |   | | |   | w | o | r | k | s | = | 1 | 0 | 0 |   | | |   | l | l | m | = | Q | 8 | 4 | 8 | 6 | 1 | 2
/works/OL262505W	The Valley of Fear	Doyle, Arthur Conan	1914	758	Q863438	a | u | t | h | o | r | = | A | r | t | h | u | r |   | C | o | n | a | n |   | D | o | y | l | e |   | | |   | q | i | d | = | Q | 3 | 5 | 6 | 1 | 0 | ( | A | _ | e | x | a | c | t | ) |   | | |   | w | o | r | k | s | = | 1 | 0 | 0 |   | | |   | l | l | m | = | Q | 8 | 6 | 3 | 4 | 3 | 8
/works/OL53994W	The Prince and the Pauper	Mark Twain	1881	755	Q869725	a | u | t | h | o | r | = | M | a | r | k |   | T | w | a | i | n |   | | |   | q | i | d | = | Q | 7 | 2 | 4 | 5 | ( | A | _ | e | x | a | c | t | ) |   | | |   | w | o | r | k | s | = | 1 | 0 | 0 |   | | |   | l | l | m | = | Q | 8 | 6 | 9 | 7 | 2 | 5
/works/OL1088770W	The Blue Fairy Book	Andrew Lang	1889	752	Q60321429	a | u | t | h | o | r | = | A | n | d | r | e | w |   | L | a | n | g |   | | |   | q | i | d | = | Q | 5 | 0 | 5 | 8 | 2 | 7 | ( | A | _ | e | x | a | c | t | ) |   | | |   | w | o | r | k | s | = | 4 | 0 |   | | |   | l | l | m | = | Q | 6 | 0 | 3 | 2 | 1 | 4 | 2 | 9
/works/OL262460W	The Lost World	Doyle, Arthur Conan	1900	747	Q785255	a | u | t | h | o | r | = | A | r | t | h | u | r |   | C | o | n | a | n |   | D | o | y | l | e |   | | |   | q | i | d | = | Q | 3 | 5 | 6 | 1 | 0 | ( | A | _ | e | x | a | c | t | ) |   | | |   | w | o | r | k | s | = | 1 | 0 | 0 |   | | |   | l | l | m | = | Q | 7 | 8 | 5 | 2 | 5 | 5
/works/OL18396W	The Marvelous Land of Oz	Baum, L. Frank	1904	724	Q1659447	a | u | t | h | o | r | = | L | . |   | F | r | a | n | k |   | B | a | u | m |   | | |   | q | i | d | = | Q | 2 | 0 | 7 | 5 | 4 | 4 | ( | A | _ | e | x | a | c | t | ) |   | | |   | w | o | r | k | s | = | 1 | 0 | 0 |   | | |   | l | l | m | = | Q | 1 | 6 | 5 | 9 | 4 | 4 | 7
/works/OL64365W	Brave New World	Aldous Huxley	1932	721	Q191949	a | u | t | h | o | r | = | A | l | d | o | u | s |   | H | u | x | l | e | y |   | | |   | q | i | d | = | Q | 8 | 1 | 4 | 4 | 7 | ( | A | _ | e | x | a | c | t | ) |   | | |   | w | o | r | k | s | = | 5 | 7 |   | | |   | l | l | m | = | Q | 1 | 9 | 1 | 9 | 4 | 9
/works/OL485504W	Riders of the Purple Sage	Zane Grey	1912	705	Q3398694	a | u | t | h | o | r | = | Z | a | n | e |   | G | r | e | y |   | | |   | q | i | d | = | Q | 1 | 4 | 6 | 7 | 6 | 3 | ( | A | _ | e | x | a | c | t | ) |   | | |   | w | o | r | k | s | = | 4 | 5 |   | | |   | l | l | m | = | Q | 3 | 3 | 9 | 8 | 6 | 9 | 4
/works/OL18415W	Ozma of Oz	Baum, L. Frank	1907	701	Q634885	a | u | t | h | o | r | = | L | . |   | F | r | a | n | k |   | B | a | u | m |   | | |   | q | i | d | = | Q | 2 | 0 | 7 | 5 | 4 | 4 | ( | A | _ | e | x | a | c | t | ) |   | | |   | w | o | r | k | s | = | 1 | 0 | 0 |   | | |   | l | l | m | = | Q | 6 | 3 | 4 | 8 | 8 | 5
/works/OL98587W	The House of Mirth	Edith Wharton	1905	694	Q6474536	a | u | t | h | o | r | = | E | d | i | t | h |   | W | h | a | r | t | o | n |   | | |   | q | i | d | = | Q | 2 | 7 | 6 | 0 | 3 | 2 | ( | A | _ | e | x | a | c | t | ) |   | | |   | w | o | r | k | s | = | 1 | 0 | 0 |   | | |   | l | l | m | = | Q | 6 | 4 | 7 | 4 | 5 | 3 | 6
/works/OL10263W	Le petit prince	Antoine de Saint-Exupéry	1943	688	Q15942359	a | u | t | h | o | r | = | A | n | t | o | i | n | e |   | d | e |   | S | a | i | n | t | - | E | x | u | p | é | r | y |   | | |   | q | i | d | = | Q | 2 | 9 | 0 | 8 | ( | A | _ | e | x | a | c | t | ) |   | | |   | w | o | r | k | s | = | 8 | 5 |   | | |   | l | l | m | = | Q | 1 | 5 | 9 | 4 | 2 | 3 | 5 | 9
/works/OL77756W	Rainbow Valley	L. M. Montgomery	1919	671	Q2394369	a | u | t | h | o | r | = | L | . |   | M | . |   | M | o | n | t | g | o | m | e | r | y |   | | |   | q | i | d | = | Q | 2 | 7 | 3 | 0 | 3 | 4 | ( | B | _ | l | a | s | t | n | a | m | e | _ | l | l | m | ) |   | | |   | w | o | r | k | s | = | 1 | 0 | 0 |   | | |   | l | l | m | = | Q | 2 | 3 | 9 | 4 | 3 | 6 | 9
/works/OL99522W	The Story of the Treasure Seekers	E. Nesbit	1899	653	Q7766848	a | u | t | h | o | r | = | E | . |   | N | e | s | b | i | t |   | | |   | q | i | d | = | Q | 2 | 3 | 1 | 7 | 0 | 8 | ( | B | _ | l | a | s | t | n | a | m | e | _ | l | l | m | ) |   | | |   | w | o | r | k | s | = | 5 | 0 |   | | |   | l | l | m | = | Q | 7 | 7 | 6 | 6 | 8 | 4 | 8
/works/OL85891W	The Jewel of Seven Stars	Bram Stoker	1902	653	Q7743210	a | u | t | h | o | r | = | B | r | a | m |   | S | t | o | k | e | r |   | | |   | q | i | d | = | Q | 3 | 6 | 1 | 8 | 4 | ( | A | _ | e | x | a | c | t | ) |   | | |   | w | o | r | k | s | = | 5 | 3 |   | | |   | l | l | m | = | Q | 7 | 7 | 4 | 3 | 2 | 1 | 0
/works/OL1168007W	Animal Farm	George Orwell	1945	648	Q1396889	a | u | t | h | o | r | = | G | e | o | r | g | e |   | O | r | w | e | l | l |   | | |   | q | i | d | = | Q | 3 | 3 | 3 | 5 | ( | A | _ | e | x | a | c | t | ) |   | | |   | w | o | r | k | s | = | 1 | 0 | 0 |   | | |   | l | l | m | = | Q | 1 | 3 | 9 | 6 | 8 | 8 | 9
/works/OL76468W	The Man Who Knew Too Much	Chesterton, G. K.	1922	644	Q4508487	a | u | t | h | o | r | = | G | . |   | K | . |   | C | h | e | s | t | e | r | t | o | n |   | | |   | q | i | d | = | Q | 1 | 8 | 3 | 1 | 6 | 7 | ( | A | _ | e | x | a | c | t | ) |   | | |   | w | o | r | k | s | = | 1 | 0 | 0 |   | | |   | l | l | m | = | Q | 4 | 5 | 0 | 8 | 4 | 8 | 7
/works/OL77757W	Rilla of Ingleside	L. M. Montgomery	1920	637	Q734757	a | u | t | h | o | r | = | L | . |   | M | . |   | M | o | n | t | g | o | m | e | r | y |   | | |   | q | i | d | = | Q | 2 | 7 | 3 | 0 | 3 | 4 | ( | B | _ | l | a | s | t | n | a | m | e | _ | l | l | m | ) |   | | |   | w | o | r | k | s | = | 1 | 0 | 0 |   | | |   | l | l | m | = | Q | 7 | 3 | 4 | 7 | 5 | 7
/works/OL18409W	The Emerald City of Oz	Baum, L. Frank	1910	634	Q1250366	a | u | t | h | o | r | = | L | . |   | F | r | a | n | k |   | B | a | u | m |   | | |   | q | i | d | = | Q | 2 | 0 | 7 | 5 | 4 | 4 | ( | A | _ | e | x | a | c | t | ) |   | | |   | w | o | r | k | s | = | 1 | 0 | 0 |   | | |   | l | l | m | = | Q | 1 | 2 | 5 | 0 | 3 | 6 | 6
/works/OL18412W	Dorothy and the Wizard in Oz	Baum, L. Frank	1908	622	Q473588	a | u | t | h | o | r | = | L | . |   | F | r | a | n | k |   | B | a | u | m |   | | |   | q | i | d | = | Q | 2 | 0 | 7 | 5 | 4 | 4 | ( | A | _ | e | x | a | c | t | ) |   | | |   | w | o | r | k | s | = | 1 | 0 | 0 |   | | |   | l | l | m | = | Q | 4 | 7 | 3 | 5 | 8 | 8
/works/OL12795W	O Pioneers!	Willa Cather	1913	613	Q2008343	a | u | t | h | o | r | = | W | i | l | l | a |   | C | a | t | h | e | r |   | | |   | q | i | d | = | Q | 2 | 2 | 9 | 4 | 8 | 0 | ( | A | _ | e | x | a | c | t | ) |   | | |   | w | o | r | k | s | = | 1 | 0 | 0 |   | | |   | l | l | m | = | Q | 2 | 0 | 0 | 8 | 3 | 4 | 3
/works/OL19926W	The Second Jungle Book	Kipling, Rudyard	1887	611	Q1101819	a | u | t | h | o | r | = | R | u | d | y | a | r | d |   | K | i | p | l | i | n | g |   | | |   | q | i | d | = | Q | 3 | 4 | 7 | 4 | 3 | ( | A | _ | e | x | a | c | t | ) |   | | |   | w | o | r | k | s | = | 1 | 0 | 0 |   | | |   | l | l | m | = | Q | 1 | 1 | 0 | 1 | 8 | 1 | 9
/works/OL86318W	Ulysses	Joyce, James	1914	611	Q6511	a | u | t | h | o | r | = | J | a | m | e | s |   | J | o | y | c | e |   | | |   | q | i | d | = | Q | 6 | 8 | 8 | 2 | ( | A | _ | e | x | a | c | t | ) |   | | |   | w | o | r | k | s | = | 6 | 6 |   | | |   | l | l | m | = | Q | 6 | 5 | 1 | 1
/works/OL66614W	Lady Susan	Austen, Jane	1925	600	Q581180	a | u | t | h | o | r | = | J | a | n | e |   | A | u | s | t | e | n |   | | |   | q | i | d | = | Q | 3 | 6 | 3 | 2 | 2 | ( | A | _ | e | x | a | c | t | ) |   | | |   | w | o | r | k | s | = | 1 | 0 | 0 |   | | |   | l | l | m | = | Q | 5 | 8 | 1 | 1 | 8 | 0
/works/OL26668762W	Jo's Boys	Louisa May Alcott	1886	597	Q1436824	a | u | t | h | o | r | = | L | o | u | i | s | a |   | M | a | y |   | A | l | c | o | t | t |   | | |   | q | i | d | = | Q | 1 | 8 | 5 | 6 | 9 | 6 | ( | A | _ | e | x | a | c | t | ) |   | | |   | w | o | r | k | s | = | 1 | 0 | 0 |   | | |   | l | l | m | = | Q | 1 | 4 | 3 | 6 | 8 | 2 | 4
/works/OL74502W	The Iron Heel	Jack London	1907	597	Q2465752	a | u | t | h | o | r | = | J | a | c | k |   | L | o | n | d | o | n |   | | |   | q | i | d | = | Q | 4 | 5 | 7 | 6 | 5 | ( | A | _ | e | x | a | c | t | ) |   | | |   | w | o | r | k | s | = | 1 | 0 | 0 |   | | |   | l | l | m | = | Q | 2 | 4 | 6 | 5 | 7 | 5 | 2
/works/OL18411W	The Lost Princess of Oz	Baum, L. Frank	1917	591	Q7748719	a | u | t | h | o | r | = | L | . |   | F | r | a | n | k |   | B | a | u | m |   | | |   | q | i | d | = | Q | 2 | 0 | 7 | 5 | 4 | 4 | ( | A | _ | e | x | a | c | t | ) |   | | |   | w | o | r | k | s | = | 1 | 0 | 0 |   | | |   | l | l | m | = | Q | 7 | 7 | 4 | 8 | 7 | 1 | 9
/works/OL118388W	Flatland	Edwin Abbott Abbott	1884	584	Q728312	a | u | t | h | o | r | = | E | d | w | i | n |   | A | b | b | o | t | t |   | A | b | b | o | t | t |   | | |   | q | i | d | = | Q | 5 | 3 | 1 | 6 | 0 | 6 | ( | A | _ | e | x | a | c | t | ) |   | | |   | w | o | r | k | s | = | 1 | 3 |   | | |   | l | l | m | = | Q | 7 | 2 | 8 | 3 | 1 | 2
/works/OL262452W	His Last Bow [8 stories]	Doyle, Arthur Conan	1917	583	Q733582	a | u | t | h | o | r | = | A | r | t | h | u | r |   | C | o | n | a | n |   | D | o | y | l | e |   | | |   | q | i | d | = | Q | 3 | 5 | 6 | 1 | 0 | ( | A | _ | e | x | a | c | t | ) |   | | |   | w | o | r | k | s | = | 1 | 0 | 0 |   | | |   | l | l | m | = | Q | 7 | 3 | 3 | 5 | 8 | 2
/works/OL407476W	The Story of the Amulet	E. Nesbit	1905	578	Q7766831	a | u | t | h | o | r | = | E | . |   | N | e | s | b | i | t |   | | |   | q | i | d | = | Q | 2 | 3 | 1 | 7 | 0 | 8 | ( | B | _ | l | a | s | t | n | a | m | e | _ | l | l | m | ) |   | | |   | w | o | r | k | s | = | 5 | 0 |   | | |   | l | l | m | = | Q | 7 | 7 | 6 | 6 | 8 | 3 | 1
/works/OL52266W	The Invisible Man	H. G. Wells	1897	563	Q1539509	a | u | t | h | o | r | = | H | . |   | G | . |   | W | e | l | l | s |   | | |   | q | i | d | = | Q | 4 | 2 | 5 | 1 | 1 | ( | A | _ | e | x | a | c | t | ) |   | | |   | w | o | r | k | s | = | 1 | 0 | 0 |   | | |   | l | l | m | = | Q | 1 | 5 | 3 | 9 | 5 | 0 | 9
/works/OL276386W	The Turn of the Screw	James, Henry	1898	563	Q625923	a | u | t | h | o | r | = | H | e | n | r | y |   | J | a | m | e | s |   | | |   | q | i | d | = | Q | 1 | 7 | 0 | 5 | 0 | 9 | ( | A | _ | e | x | a | c | t | ) |   | | |   | w | o | r | k | s | = | 1 | 0 | 0 |   | | |   | l | l | m | = | Q | 6 | 2 | 5 | 9 | 2 | 3
/works/OL262358W	The Complete Life and Adventures of Santa Claus	Baum, L. Frank	1902	560	Q4180222	a | u | t | h | o | r | = | L | . |   | F | r | a | n | k |   | B | a | u | m |   | | |   | q | i | d | = | Q | 2 | 0 | 7 | 5 | 4 | 4 | ( | A | _ | e | x | a | c | t | ) |   | | |   | w | o | r | k | s | = | 1 | 0 | 0 |   | | |   | l | l | m | = | Q | 4 | 1 | 8 | 0 | 2 | 2 | 2
/works/OL38663W	Heart of Darkness	Conrad, Joseph	1899	552	Q129778	a | u | t | h | o | r | = | J | o | s | e | p | h |   | C | o | n | r | a | d |   | | |   | q | i | d | = | Q | 8 | 2 | 9 | 2 | 5 | ( | A | _ | e | x | a | c | t | ) |   | | |   | w | o | r | k | s | = | 1 | 0 | 0 |   | | |   | l | l | m | = | Q | 1 | 2 | 9 | 7 | 7 | 8
/works/OL2775807W	Pollyanna	Eleanor Hodgman Porter	1912	552	Q2348190	a | u | t | h | o | r | = | E | l | e | a | n | o | r |   | H | o | d | g | m | a | n |   | P | o | r | t | e | r |   | | |   | q | i | d | = | Q | 4 | 7 | 5 | 8 | 2 | 9 | 7 | ( | B | _ | l | a | s | t | n | a | m | e | _ | f | i | r | s | t | ) |   | | |   | w | o | r | k | s | = | 0 |   | | |   | l | l | m | = | N | O | _ | M | A | T | C | H |   | | |   | f | a | l | l | b | a | c | k | = | Q | 2 | 3 | 4 | 8 | 1 | 9 | 0
/works/OL98130W	Also sprach Zarathustra	Friedrich Nietzsche	1883	550	Q199774	a | u | t | h | o | r | = | F | r | i | e | d | r | i | c | h |   | N | i | e | t | z | s | c | h | e |   | | |   | q | i | d | = | Q | 9 | 3 | 5 | 8 | ( | A | _ | e | x | a | c | t | ) |   | | |   | w | o | r | k | s | = | 1 | 0 | 0 |   | | |   | l | l | m | = | Q | 1 | 9 | 9 | 7 | 7 | 4
/works/OL532398W	The Affair at the Semiramis Hotel	Mason, A. E. W.	1917	547	Q34823482	a | u | t | h | o | r | = | A | . |   | E | . |   | W | . |   | M | a | s | o | n |   | | |   | q | i | d | = | Q | 3 | 4 | 8 | 0 | 0 | 9 | 1 | ( | B | _ | l | a | s | t | n | a | m | e | _ | f | i | r | s | t | ) |   | | |   | w | o | r | k | s | = | 1 |   | | |   | l | l | m | = | N | O | _ | M | A | T | C | H |   | | |   | f | a | l | l | b | a | c | k | = | Q | 3 | 4 | 8 | 2 | 3 | 4 | 8 | 2
/works/OL262477W	The Return of Sherlock Holmes	Doyle, Arthur Conan	1903	545	Q725752	a | u | t | h | o | r | = | A | r | t | h | u | r |   | C | o | n | a | n |   | D | o | y | l | e |   | | |   | q | i | d | = | Q | 3 | 5 | 6 | 1 | 0 | ( | A | _ | e | x | a | c | t | ) |   | | |   | w | o | r | k | s | = | 1 | 0 | 0 |   | | |   | l | l | m | = | Q | 7 | 2 | 5 | 7 | 5 | 2
/works/OL151411W	Alice's Adventures in Wonderland / Through the Looking Glass	Carroll, Lewis	1889	543	Q92640	a | u | t | h | o | r | = | L | e | w | i | s |   | C | a | r | r | o | l | l |   | | |   | q | i | d | = | Q | 3 | 8 | 0 | 8 | 2 | ( | A | _ | e | x | a | c | t | ) |   | | |   | w | o | r | k | s | = | 1 | 0 | 0 |   | | |   | l | l | m | = | Q | 9 | 2 | 6 | 4 | 0
/works/OL2771987W	Herland	Gilman, Charlotte Perkins	1915	541	Q5739278	a | u | t | h | o | r | = | C | h | a | r | l | o | t | t | e |   | P | e | r | k | i | n | s |   | G | i | l | m | a | n |   | | |   | q | i | d | = | Q | 2 | 8 | 7 | 7 | 5 | 2 | ( | A | _ | e | x | a | c | t | ) |   | | |   | w | o | r | k | s | = | 1 | 2 |   | | |   | l | l | m | = | Q | 5 | 7 | 3 | 9 | 2 | 7 | 8
/works/OL262390W	The Road to Oz	Baum, L. Frank	1909	533	Q1250364	a | u | t | h | o | r | = | L | . |   | F | r | a | n | k |   | B | a | u | m |   | | |   | q | i | d | = | Q | 2 | 0 | 7 | 5 | 4 | 4 | ( | A | _ | e | x | a | c | t | ) |   | | |   | w | o | r | k | s | = | 1 | 0 | 0 |   | | |   | l | l | m | = | Q | 1 | 2 | 5 | 0 | 3 | 6 | 4
/works/OL23797W	The Riddle of the Sands	Erskine Childers	1903	531	Q1170204	a | u | t | h | o | r | = | E | r | s | k | i | n | e |   | C | h | i | l | d | e | r | s |   | | |   | q | i | d | = | Q | 1 | 2 | 7 | 0 | 4 | 4 | 1 | ( | A | _ | e | x | a | c | t | ) |   | | |   | w | o | r | k | s | = | 2 |   | | |   | l | l | m | = | Q | 1 | 1 | 7 | 0 | 2 | 0 | 4
/works/OL262463W	Memoirs of Sherlock Holmes [11 stories]	Doyle, Arthur Conan	1893	530	Q860831	a | u | t | h | o | r | = | A | r | t | h | u | r |   | C | o | n | a | n |   | D | o | y | l | e |   | | |   | q | i | d | = | Q | 3 | 5 | 6 | 1 | 0 | ( | A | _ | e | x | a | c | t | ) |   | | |   | w | o | r | k | s | = | 1 | 0 | 0 |   | | |   | l | l | m | = | Q | 8 | 6 | 0 | 8 | 3 | 1
/works/OL262384W	The Sea Fairies	Baum, L. Frank	1911	528	"I need to find ""The Sea Fairies"" (1911) by L. Frank"	"a | u | t | h | o | r | = | L | . |   | F | r | a | n | k |   | B | a | u | m |   | | |   | q | i | d | = | Q | 2 | 0 | 7 | 5 | 4 | 4 | ( | A | _ | e | x | a | c | t | ) |   | | |   | w | o | r | k | s | = | 1 | 0 | 0 |   | | |   | l | l | m | = | I |   | n | e | e | d |   | t | o |   | f | i | n | d |   | "" | T | h | e |   | S | e | a |   | F | a | i | r | i | e | s | "" |   | ( | 1 | 9 | 1 | 1 | ) |   | b | y |   | L | . |   | F | r | a | n | k"
/works/OL76325W	The Club of Queer Trades	Chesterton, G. K.	1900	521	Q3221512	a | u | t | h | o | r | = | G | . |   | K | . |   | C | h | e | s | t | e | r | t | o | n |   | | |   | q | i | d | = | Q | 1 | 8 | 3 | 1 | 6 | 7 | ( | A | _ | e | x | a | c | t | ) |   | | |   | w | o | r | k | s | = | 1 | 0 | 0 |   | | |   | l | l | m | = | Q | 3 | 2 | 2 | 1 | 5 | 1 | 2
/works/OL76501W	Greenmantle	John Buchan	1915	520	Q5604315	a | u | t | h | o | r | = | J | o | h | n |   | B | u | c | h | a | n |   | | |   | q | i | d | = | Q | 3 | 3 | 3 | 0 | 0 | 4 | ( | A | _ | e | x | a | c | t | ) |   | | |   | w | o | r | k | s | = | 5 | 6 |   | | |   | l | l | m | = | Q | 5 | 6 | 0 | 4 | 3 | 1 | 5
/works/OL1352097W	Moonfleet	John Meade Falkner	1898	519	Q1795631	a | u | t | h | o | r | = | J | o | h | n |   | M | e | a | d | e |   | F | a | l | k | n | e | r |   | | |   | q | i | d | = | N | o | n | e | ( | F | A | I | L | E | D | ) |   | | |   | w | o | r | k | s | = | 0 |   | | |   | l | l | m | = | N | O | _ | M | A | T | C | H |   | | |   | f | a | l | l | b | a | c | k | = | Q | 1 | 7 | 9 | 5 | 6 | 3 | 1
/works/OL29000391W	Heart of Darkness	Conrad, Joseph	1899	519	Q129778	a | u | t | h | o | r | = | J | o | s | e | p | h |   | C | o | n | r | a | d |   | | |   | q | i | d | = | Q | 8 | 2 | 9 | 2 | 5 | ( | A | _ | e | x | a | c | t | ) |   | | |   | w | o | r | k | s | = | 1 | 0 | 0 |   | | |   | l | l | m | = | Q | 1 | 2 | 9 | 7 | 7 | 8
/works/OL17761452W	Little men	Louisa May Alcott	1885	517	Q3902626	a | u | t | h | o | r | = | L | o | u | i | s | a |   | M | a | y |   | A | l | c | o | t | t |   | | |   | q | i | d | = | Q | 1 | 8 | 5 | 6 | 9 | 6 | ( | A | _ | e | x | a | c | t | ) |   | | |   | w | o | r | k | s | = | 1 | 0 | 0 |   | | |   | l | l | m | = | Q | 3 | 9 | 0 | 2 | 6 | 2 | 6
/works/OL262341W	Baum's American Fairy Tales	Baum, L. Frank	1901	514	Q4743720	a | u | t | h | o | r | = | L | . |   | F | r | a | n | k |   | B | a | u | m |   | | |   | q | i | d | = | Q | 2 | 0 | 7 | 5 | 4 | 4 | ( | A | _ | e | x | a | c | t | ) |   | | |   | w | o | r | k | s | = | 1 | 0 | 0 |   | | |   | l | l | m | = | Q | 4 | 7 | 4 | 3 | 7 | 2 | 0
/works/OL81180W	Lady Chatterley's Lover	Lawrence, D. H.	1900	514	Q750670	a | u | t | h | o | r | = | D | . |   | H | . |   | L | a | w | r | e | n | c | e |   | | |   | q | i | d | = | Q | 3 | 4 | 9 | 7 | 0 | ( | A | _ | e | x | a | c | t | ) |   | | |   | w | o | r | k | s | = | 8 | 4 |   | | |   | l | l | m | = | Q | 7 | 5 | 0 | 6 | 7 | 0
/works/OL262385W	Sky Island	Baum, L. Frank	1912	510	Q7537357	a | u | t | h | o | r | = | L | . |   | F | r | a | n | k |   | B | a | u | m |   | | |   | q | i | d | = | Q | 2 | 0 | 7 | 5 | 4 | 4 | ( | A | _ | e | x | a | c | t | ) |   | | |   | w | o | r | k | s | = | 1 | 0 | 0 |   | | |   | l | l | m | = | Q | 7 | 5 | 3 | 7 | 3 | 5 | 7
/works/OL8269770W	The Happy Prince and other tales	Oscar Wilde	1888	508	Q797466	a | u | t | h | o | r | = | O | s | c | a | r |   | W | i | l | d | e |   | | |   | q | i | d | = | Q | 3 | 0 | 8 | 7 | 5 | ( | A | _ | e | x | a | c | t | ) |   | | |   | w | o | r | k | s | = | 1 | 0 | 0 |   | | |   | l | l | m | = | Q | 7 | 9 | 7 | 4 | 6 | 6
/works/OL17453W	She	H. Rider Haggard	1886	506	Q640513	a | u | t | h | o | r | = | H | . |   | R | i | d | e | r |   | H | a | g | g | a | r | d |   | | |   | q | i | d | = | Q | 2 | 3 | 7 | 1 | 9 | 6 | ( | A | _ | e | x | a | c | t | ) |   | | |   | w | o | r | k | s | = | 1 | 0 | 0 |   | | |   | l | l | m | = | Q | 6 | 4 | 0 | 5 | 1 | 3
/works/OL1088838W	The Orange Fairy Book	Andrew Lang	1906	504	Q4757700	a | u | t | h | o | r | = | A | n | d | r | e | w |   | L | a | n | g |   | | |   | q | i | d | = | Q | 5 | 0 | 5 | 8 | 2 | 7 | ( | A | _ | e | x | a | c | t | ) |   | | |   | w | o | r | k | s | = | 4 | 0 |   | | |   | l | l | m | = | Q | 4 | 7 | 5 | 7 | 7 | 0 | 0
/works/OL262352W	The Scarecrow of Oz	Baum, L. Frank	1915	503	"I need to find ""The Scarecrow of Oz"" (1915) by L"	"a | u | t | h | o | r | = | L | . |   | F | r | a | n | k |   | B | a | u | m |   | | |   | q | i | d | = | Q | 2 | 0 | 7 | 5 | 4 | 4 | ( | A | _ | e | x | a | c | t | ) |   | | |   | w | o | r | k | s | = | 1 | 0 | 0 |   | | |   | l | l | m | = | I |   | n | e | e | d |   | t | o |   | f | i | n | d |   | "" | T | h | e |   | S | c | a | r | e | c | r | o | w |   | o | f |   | O | z | "" |   | ( | 1 | 9 | 1 | 5 | ) |   | b | y |   | L"
/works/OL17465W	Allan Quatermain	H. Rider Haggard	1887	499	Q4062545	a | u | t | h | o | r | = | H | . |   | R | i | d | e | r |   | H | a | g | g | a | r | d |   | | |   | q | i | d | = | Q | 2 | 3 | 7 | 1 | 9 | 6 | ( | A | _ | e | x | a | c | t | ) |   | | |   | w | o | r | k | s | = | 1 | 0 | 0 |   | | |   | l | l | m | = | Q | 4 | 0 | 6 | 2 | 5 | 4 | 5
/works/OL18405W	The Patchwork Girl of Oz	Baum, L. Frank	1913	496	Q615227	a | u | t | h | o | r | = | L | . |   | F | r | a | n | k |   | B | a | u | m |   | | |   | q | i | d | = | Q | 2 | 0 | 7 | 5 | 4 | 4 | ( | A | _ | e | x | a | c | t | ) |   | | |   | w | o | r | k | s | = | 1 | 0 | 0 |   | | |   | l | l | m | = | Q | 6 | 1 | 5 | 2 | 2 | 7
/works/OL262380W	The Magic of Oz	Baum, L. Frank	1919	494	Q7749508	a | u | t | h | o | r | = | L | . |   | F | r | a | n | k |   | B | a | u | m |   | | |   | q | i | d | = | Q | 2 | 0 | 7 | 5 | 4 | 4 | ( | A | _ | e | x | a | c | t | ) |   | | |   | w | o | r | k | s | = | 1 | 0 | 0 |   | | |   | l | l | m | = | Q | 7 | 7 | 4 | 9 | 5 | 0 | 8
/works/OL18414W	Tik-Tok of Oz	Baum, L. Frank	1914	490	"I need to find ""Tik-Tok of Oz"" (1914) by"	"a | u | t | h | o | r | = | L | . |   | F | r | a | n | k |   | B | a | u | m |   | | |   | q | i | d | = | Q | 2 | 0 | 7 | 5 | 4 | 4 | ( | A | _ | e | x | a | c | t | ) |   | | |   | w | o | r | k | s | = | 1 | 0 | 0 |   | | |   | l | l | m | = | I |   | n | e | e | d |   | t | o |   | f | i | n | d |   | "" | T | i | k | - | T | o | k |   | o | f |   | O | z | "" |   | ( | 1 | 9 | 1 | 4 | ) |   | b | y"
/works/OL262376W	Rinkitink in Oz	Baum, L. Frank	1916	488	Q7335058	a | u | t | h | o | r | = | L | . |   | F | r | a | n | k |   | B | a | u | m |   | | |   | q | i | d | = | Q | 2 | 0 | 7 | 5 | 4 | 4 | ( | A | _ | e | x | a | c | t | ) |   | | |   | w | o | r | k | s | = | 1 | 0 | 0 |   | | |   | l | l | m | = | Q | 7 | 3 | 3 | 5 | 0 | 5 | 8
/works/OL15437W	Lilith	MacDonald, George	1895	480	Q3832392	a | u | t | h | o | r | = | G | e | o | r | g | e |   | M | a | c | D | o | n | a | l | d |   | | |   | q | i | d | = | Q | 3 | 6 | 8 | 5 | 1 | 9 | ( | A | _ | e | x | a | c | t | ) |   | | |   | w | o | r | k | s | = | 4 | 6 |   | | |   | l | l | m | = | Q | 3 | 8 | 3 | 2 | 3 | 9 | 2
/works/OL8127201W	The King in Yellow	Chambers, Robert W.	1895	479	Q1195112	a | u | t | h | o | r | = | R | o | b | e | r | t |   | W | . |   | C | h | a | m | b | e | r | s |   | | |   | q | i | d | = | Q | 1 | 3 | 4 | 9 | 1 | 4 | 4 | ( | A | _ | e | x | a | c | t | ) |   | | |   | w | o | r | k | s | = | 6 | 3 |   | | |   | l | l | m | = | Q | 1 | 1 | 9 | 5 | 1 | 1 | 2
/works/OL99541W	The Enchanted Castle	E. Nesbit	1907	478	Q2920166	a | u | t | h | o | r | = | E | . |   | N | e | s | b | i | t |   | | |   | q | i | d | = | N | o | n | e | ( | F | A | I | L | E | D | ) |   | | |   | w | o | r | k | s | = | 0 |   | | |   | l | l | m | = | N | O | _ | M | A | T | C | H |   | | |   | f | a | l | l | b | a | c | k | = | Q | 2 | 9 | 2 | 0 | 1 | 6 | 6
/works/OL76483W	The Wisdom of Father Brown	Chesterton, G. K.	1913	465	Q74483	a | u | t | h | o | r | = | G | . |   | K | . |   | C | h | e | s | t | e | r | t | o | n |   | | |   | q | i | d | = | Q | 1 | 8 | 3 | 1 | 6 | 7 | ( | A | _ | e | x | a | c | t | ) |   | | |   | w | o | r | k | s | = | 1 | 0 | 0 |   | | |   | l | l | m | = | Q | 7 | 4 | 4 | 8 | 3
/works/OL27064817W	Voyage Out	Virginia Woolf	1915	465	Q599198	a | u | t | h | o | r | = | V | i | r | g | i | n | i | a |   | W | o | o | l | f |   | | |   | q | i | d | = | Q | 4 | 0 | 9 | 0 | 9 | ( | A | _ | e | x | a | c | t | ) |   | | |   | w | o | r | k | s | = | 7 | 7 |   | | |   | l | l | m | = | Q | 5 | 9 | 9 | 1 | 9 | 8
/works/OL17440W	Ayesha	H. Rider Haggard	1900	463	Q2604590	a | u | t | h | o | r | = | H | . |   | R | i | d | e | r |   | H | a | g | g | a | r | d |   | | |   | q | i | d | = | Q | 2 | 3 | 7 | 1 | 9 | 6 | ( | A | _ | e | x | a | c | t | ) |   | | |   | w | o | r | k | s | = | 1 | 0 | 0 |   | | |   | l | l | m | = | Q | 2 | 6 | 0 | 4 | 5 | 9 | 0
/works/OL262553W	The White Company	Doyle, Arthur Conan	1890	463	"NO_MATCH

The candidates listed are all short stories and other works by Arthur Conan"	"a | u | t | h | o | r | = | A | r | t | h | u | r |   | C | o | n | a | n |   | D | o | y | l | e |   | | |   | q | i | d | = | Q | 3 | 5 | 6 | 1 | 0 | ( | A | _ | e | x | a | c | t | ) |   | | |   | w | o | r | k | s | = | 1 | 0 | 0 |   | | |   | l | l | m | = | N | O | _ | M | A | T | C | H | 
 | 
 | T | h | e |   | c | a | n | d | i | d | a | t | e | s |   | l | i | s | t | e | d |   | a | r | e |   | a | l | l |   | s | h | o | r | t |   | s | t | o | r | i | e | s |   | a | n | d |   | o | t | h | e | r |   | w | o | r | k | s |   | b | y |   | A | r | t | h | u | r |   | C | o | n | a | n"
/works/OL262381W	The Tin Woodman of Oz	Baum, L. Frank	1918	461	"NO_MATCH

The target is ""The Tin Woodman of Oz"" ("	"a | u | t | h | o | r | = | L | . |   | F | r | a | n | k |   | B | a | u | m |   | | |   | q | i | d | = | Q | 2 | 0 | 7 | 5 | 4 | 4 | ( | A | _ | e | x | a | c | t | ) |   | | |   | w | o | r | k | s | = | 1 | 0 | 0 |   | | |   | l | l | m | = | N | O | _ | M | A | T | C | H | 
 | 
 | T | h | e |   | t | a | r | g | e | t |   | i | s |   | "" | T | h | e |   | T | i | n |   | W | o | o | d | m | a | n |   | o | f |   | O | z | "" |   | ("
/works/OL27482W	The Hobbit	J. R. R. Tolkien	1937	460	Q74287	a | u | t | h | o | r | = | J | . |   | R | . |   | R | . |   | T | o | l | k | i | e | n |   | | |   | q | i | d | = | Q | 8 | 9 | 2 | ( | A | _ | e | x | a | c | t | ) |   | | |   | w | o | r | k | s | = | 1 | 0 | 0 |   | | |   | l | l | m | = | Q | 7 | 4 | 2 | 8 | 7
/works/OL20112W	The  man who would be king	Kipling, Rudyard	1898	460	Q1129936	a | u | t | h | o | r | = | R | u | d | y | a | r | d |   | K | i | p | l | i | n | g |   | | |   | q | i | d | = | Q | 3 | 4 | 7 | 4 | 3 | ( | A | _ | e | x | a | c | t | ) |   | | |   | w | o | r | k | s | = | 1 | 0 | 0 |   | | |   | l | l | m | = | Q | 1 | 1 | 2 | 9 | 9 | 3 | 6
/works/OL1088888W	The Yellow Fairy Book	Andrew Lang	1894	458	Q4757700	a | u | t | h | o | r | = | A | n | d | r | e | w |   | L | a | n | g |   | | |   | q | i | d | = | Q | 5 | 0 | 5 | 8 | 2 | 7 | ( | A | _ | e | x | a | c | t | ) |   | | |   | w | o | r | k | s | = | 4 | 0 |   | | |   | l | l | m | = | Q | 4 | 7 | 5 | 7 | 7 | 0 | 0
/works/OL52114W	The War of the Worlds	H. G. Wells	1898	457	Q213019	a | u | t | h | o | r | = | H | . |   | G | . |   | W | e | l | l | s |   | | |   | q | i | d | = | Q | 4 | 2 | 5 | 1 | 1 | ( | A | _ | e | x | a | c | t | ) |   | | |   | w | o | r | k | s | = | 1 | 0 | 0 |   | | |   | l | l | m | = | Q | 2 | 1 | 3 | 0 | 1 | 9
/works/OL76473W	The Napoleon of Notting Hill	Chesterton, G. K.	1904	454	Q3792823	a | u | t | h | o | r | = | G | . |   | K | . |   | C | h | e | s | t | e | r | t | o | n |   | | |   | q | i | d | = | Q | 1 | 8 | 3 | 1 | 6 | 7 | ( | A | _ | e | x | a | c | t | ) |   | | |   | w | o | r | k | s | = | 1 | 0 | 0 |   | | |   | l | l | m | = | Q | 3 | 7 | 9 | 2 | 8 | 2 | 3
/works/OL27776452W	The Importance of Being Earnest	Oscar Wilde	1893	454	Q830501	a | u | t | h | o | r | = | O | s | c | a | r |   | W | i | l | d | e |   | | |   | q | i | d | = | Q | 3 | 0 | 8 | 7 | 5 | ( | A | _ | e | x | a | c | t | ) |   | | |   | w | o | r | k | s | = | 1 | 0 | 0 |   | | |   | l | l | m | = | Q | 8 | 3 | 0 | 5 | 0 | 1
/works/OL262391W	Glinda of Oz	Baum, L. Frank	1920	454	Q5569658	a | u | t | h | o | r | = | L | . |   | F | r | a | n | k |   | B | a | u | m |   | | |   | q | i | d | = | Q | 2 | 0 | 7 | 5 | 4 | 4 | ( | A | _ | e | x | a | c | t | ) |   | | |   | w | o | r | k | s | = | 1 | 0 | 0 |   | | |   | l | l | m | = | Q | 5 | 5 | 6 | 9 | 6 | 5 | 8
/works/OL51148W	Babbitt	Sinclair Lewis	1922	451	Q1107000	a | u | t | h | o | r | = | S | i | n | c | l | a | i | r |   | L | e | w | i | s |   | | |   | q | i | d | = | Q | 1 | 2 | 3 | 4 | 6 | 9 | ( | A | _ | e | x | a | c | t | ) |   | | |   | w | o | r | k | s | = | 3 | 8 |   | | |   | l | l | m | = | Q | 1 | 1 | 0 | 7 | 0 | 0 | 0
/works/OL99535W	The Magic City	E. Nesbit	1910	445	Q16386839	a | u | t | h | o | r | = | E | . |   | N | e | s | b | i | t |   | | |   | q | i | d | = | Q | 2 | 3 | 1 | 7 | 0 | 8 | ( | B | _ | l | a | s | t | n | a | m | e | _ | l | l | m | ) |   | | |   | w | o | r | k | s | = | 5 | 0 |   | | |   | l | l | m | = | Q | 1 | 6 | 3 | 8 | 6 | 8 | 3 | 9
/works/OL77781W	Emily of New Moon	L. M. Montgomery	1923	445	Q73706	a | u | t | h | o | r | = | L | . |   | M | . |   | M | o | n | t | g | o | m | e | r | y |   | | |   | q | i | d | = | N | o | n | e | ( | F | A | I | L | E | D | ) |   | | |   | w | o | r | k | s | = | 0 |   | | |   | l | l | m | = | N | O | _ | M | A | T | C | H |   | | |   | f | a | l | l | b | a | c | k | = | Q | 7 | 3 | 7 | 0 | 6
/works/OL99539W	The Phoenix and the Carpet	E. Nesbit	1903	438	Q3795974	a | u | t | h | o | r | = | E | . |   | N | e | s | b | i | t |   | | |   | q | i | d | = | Q | 2 | 3 | 1 | 7 | 0 | 8 | ( | B | _ | l | a | s | t | n | a | m | e | _ | l | l | m | ) |   | | |   | w | o | r | k | s | = | 5 | 0 |   | | |   | l | l | m | = | Q | 3 | 7 | 9 | 5 | 9 | 7 | 4
/works/OL76598W	Mr. Standfast	John Buchan	1918	437	Q16387145	a | u | t | h | o | r | = | J | o | h | n |   | B | u | c | h | a | n |   | | |   | q | i | d | = | Q | 3 | 3 | 3 | 0 | 0 | 4 | ( | A | _ | e | x | a | c | t | ) |   | | |   | w | o | r | k | s | = | 5 | 6 |   | | |   | l | l | m | = | Q | 1 | 6 | 3 | 8 | 7 | 1 | 4 | 5
/works/OL485453W	The Heritage of the Desert	Zane Grey	1910	437	"I need to find ""The Heritage of the Desert"" (1910) by Zane Grey"	"a | u | t | h | o | r | = | Z | a | n | e |   | G | r | e | y |   | | |   | q | i | d | = | Q | 1 | 4 | 6 | 7 | 6 | 3 | ( | A | _ | e | x | a | c | t | ) |   | | |   | w | o | r | k | s | = | 4 | 5 |   | | |   | l | l | m | = | I |   | n | e | e | d |   | t | o |   | f | i | n | d |   | "" | T | h | e |   | H | e | r | i | t | a | g | e |   | o | f |   | t | h | e |   | D | e | s | e | r | t | "" |   | ( | 1 | 9 | 1 | 0 | ) |   | b | y |   | Z | a | n | e |   | G | r | e | y"
/works/OL3388961W	The Great God Pan	Arthur Machen	1894	431	Q1394704	a | u | t | h | o | r | = | A | r | t | h | u | r |   | M | a | c | h | e | n |   | | |   | q | i | d | = | Q | 5 | 4 | 0 | 1 | 6 | 6 | ( | A | _ | e | x | a | c | t | ) |   | | |   | w | o | r | k | s | = | 3 | 5 |   | | |   | l | l | m | = | Q | 1 | 3 | 9 | 4 | 7 | 0 | 4
/works/OL44986W	Jude the Obscure	Hardy, Thomas	1895	425	Q1248773	a | u | t | h | o | r | = | T | h | o | m | a | s |   | H | a | r | d | y |   | | |   | q | i | d | = | Q | 1 | 3 | 2 | 8 | 0 | 5 | ( | A | _ | e | x | a | c | t | ) |   | | |   | w | o | r | k | s | = | 1 | 0 | 0 |   | | |   | l | l | m | = | Q | 1 | 2 | 4 | 8 | 7 | 7 | 3
/works/OL485697W	The Mysterious Rider	Zane Grey	1921	411	"I need to find ""The Mysterious Rider"" (1921) by Zane Grey"	"a | u | t | h | o | r | = | Z | a | n | e |   | G | r | e | y |   | | |   | q | i | d | = | Q | 1 | 4 | 6 | 7 | 6 | 3 | ( | A | _ | e | x | a | c | t | ) |   | | |   | w | o | r | k | s | = | 4 | 5 |   | | |   | l | l | m | = | I |   | n | e | e | d |   | t | o |   | f | i | n | d |   | "" | T | h | e |   | M | y | s | t | e | r | i | o | u | s |   | R | i | d | e | r | "" |   | ( | 1 | 9 | 2 | 1 | ) |   | b | y |   | Z | a | n | e |   | G | r | e | y"
/works/OL12831W	The Song of the Lark	Willa Cather	1915	409	"NO_MATCH

The target ""The Song of the Lark"" (1915)"	"a | u | t | h | o | r | = | W | i | l | l | a |   | C | a | t | h | e | r |   | | |   | q | i | d | = | Q | 2 | 2 | 9 | 4 | 8 | 0 | ( | A | _ | e | x | a | c | t | ) |   | | |   | w | o | r | k | s | = | 1 | 0 | 0 |   | | |   | l | l | m | = | N | O | _ | M | A | T | C | H | 
 | 
 | T | h | e |   | t | a | r | g | e | t |   | "" | T | h | e |   | S | o | n | g |   | o | f |   | t | h | e |   | L | a | r | k | "" |   | ( | 1 | 9 | 1 | 5 | )"
/works/OL505781W	Of Human Bondage	W. Somerset Maugham	1915	407	Q1195793	a | u | t | h | o | r | = | W | . |   | S | o | m | e | r | s | e | t |   | M | a | u | g | h | a | m |   | | |   | q | i | d | = | N | o | n | e | ( | F | A | I | L | E | D | ) |   | | |   | w | o | r | k | s | = | 0 |   | | |   | l | l | m | = | N | O | _ | M | A | T | C | H |   | | |   | f | a | l | l | b | a | c | k | = | Q | 1 | 1 | 9 | 5 | 7 | 9 | 3
/works/OL144821W	Burning Daylight	Jack London	1910	405	Q4127106	a | u | t | h | o | r | = | J | a | c | k |   | L | o | n | d | o | n |   | | |   | q | i | d | = | Q | 4 | 5 | 7 | 6 | 5 | ( | A | _ | e | x | a | c | t | ) |   | | |   | w | o | r | k | s | = | 1 | 0 | 0 |   | | |   | l | l | m | = | Q | 4 | 1 | 2 | 7 | 1 | 0 | 6
/works/OL6438822W	Love Insurance	Earl Derr Biggers	1914	390	Q17426173	a | u | t | h | o | r | = | E | a | r | l |   | D | e | r | r |   | B | i | g | g | e | r | s |   | | |   | q | i | d | = | Q | 9 | 8 | 3 | 4 | 2 | 1 | ( | A | _ | e | x | a | c | t | ) |   | | |   | w | o | r | k | s | = | 1 | 7 |   | | |   | l | l | m | = | N | O | _ | M | A | T | C | H |   | | |   | f | a | l | l | b | a | c | k | = | Q | 1 | 7 | 4 | 2 | 6 | 1 | 7 | 3
/works/OL1088798W	The Grey Fairy Book	Andrew Lang	1900	384	Q4757700	a | u | t | h | o | r | = | A | n | d | r | e | w |   | L | a | n | g |   | | |   | q | i | d | = | Q | 5 | 0 | 5 | 8 | 2 | 7 | ( | A | _ | e | x | a | c | t | ) |   | | |   | w | o | r | k | s | = | 4 | 0 |   | | |   | l | l | m | = | Q | 4 | 7 | 5 | 7 | 7 | 0 | 0
/works/OL2288684W	The Insidious Dr. Fu Manchu	Sax Rohmer	1913	383	Q19090776	a | u | t | h | o | r | = | S | a | x |   | R | o | h | m | e | r |   | | |   | q | i | d | = | Q | 5 | 1 | 0 | 2 | 5 | 8 | ( | A | _ | e | x | a | c | t | ) |   | | |   | w | o | r | k | s | = | 5 | 0 |   | | |   | l | l | m | = | Q | 1 | 9 | 0 | 9 | 0 | 7 | 7 | 6
/works/OL77788W	Chronicles of Avonlea	L. M. Montgomery	1912	381	Q5114055	a | u | t | h | o | r | = | L | . |   | M | . |   | M | o | n | t | g | o | m | e | r | y |   | | |   | q | i | d | = | Q | 2 | 7 | 3 | 0 | 3 | 4 | ( | B | _ | l | a | s | t | n | a | m | e | _ | l | l | m | ) |   | | |   | w | o | r | k | s | = | 1 | 0 | 0 |   | | |   | l | l | m | = | Q | 5 | 1 | 1 | 4 | 0 | 5 | 5
/works/OL485477W	The Man of the Forest	Zane Grey	1920	381	Q111912521	a | u | t | h | o | r | = | Z | a | n | e |   | G | r | e | y |   | | |   | q | i | d | = | Q | 1 | 4 | 6 | 7 | 6 | 3 | ( | A | _ | e | x | a | c | t | ) |   | | |   | w | o | r | k | s | = | 4 | 5 |   | | |   | l | l | m | = | Q | 1 | 1 | 1 | 9 | 1 | 2 | 5 | 2 | 1
/works/OL485498W	The Rainbow Trail	Zane Grey	1914	375	Q7759333	a | u | t | h | o | r | = | Z | a | n | e |   | G | r | e | y |   | | |   | q | i | d | = | Q | 1 | 4 | 6 | 7 | 6 | 3 | ( | A | _ | e | x | a | c | t | ) |   | | |   | w | o | r | k | s | = | 4 | 5 |   | | |   | l | l | m | = | Q | 7 | 7 | 5 | 9 | 3 | 3 | 3
/works/OL1381165W	Esther Waters, a novel	Moore, George	1890	374	Q5401319	a | u | t | h | o | r | = | G | e | o | r | g | e |   | M | o | o | r | e |   | | |   | q | i | d | = | Q | 9 | 6 | 5 | 9 | 2 | 7 | ( | A | _ | e | x | a | c | t | ) |   | | |   | w | o | r | k | s | = | 1 | 3 |   | | |   | l | l | m | = | Q | 5 | 4 | 0 | 1 | 3 | 1 | 9
/works/OL1159648W	The Golden Bough	Frazer, James George	1890	374	Q651283	a | u | t | h | o | r | = | J | a | m | e | s |   | G | e | o | r | g | e |   | F | r | a | z | e | r |   | | |   | q | i | d | = | Q | 1 | 5 | 1 | 9 | 3 | 6 | ( | A | _ | e | x | a | c | t | ) |   | | |   | w | o | r | k | s | = | 2 | 3 |   | | |   | l | l | m | = | Q | 6 | 5 | 1 | 2 | 8 | 3
/works/OL25129727W	Hedda Gabler	Henrik Ibsen	1890	371	Q176465	a | u | t | h | o | r | = | H | e | n | r | i | k |   | I | b | s | e | n |   | | |   | q | i | d | = | Q | 3 | 6 | 6 | 6 | 1 | ( | A | _ | e | x | a | c | t | ) |   | | |   | w | o | r | k | s | = | 1 | 0 | 0 |   | | |   | l | l | m | = | Q | 1 | 7 | 6 | 4 | 6 | 5
/works/OL88876W	Where Angels Fear to Tread	E. M. Forster	1920	365	Q7993159	a | u | t | h | o | r | = | E | . |   | M | . |   | F | o | r | s | t | e | r |   | | |   | q | i | d | = | Q | 1 | 8 | 9 | 1 | 1 | 9 | ( | A | _ | e | x | a | c | t | ) |   | | |   | w | o | r | k | s | = | 3 | 3 |   | | |   | l | l | m | = | Q | 7 | 9 | 9 | 3 | 1 | 5 | 9
/works/OL12830W	One of Ours	Willa Cather	1922	362	Q7093535	a | u | t | h | o | r | = | W | i | l | l | a |   | C | a | t | h | e | r |   | | |   | q | i | d | = | Q | 2 | 2 | 9 | 4 | 8 | 0 | ( | A | _ | e | x | a | c | t | ) |   | | |   | w | o | r | k | s | = | 1 | 0 | 0 |   | | |   | l | l | m | = | Q | 7 | 0 | 9 | 3 | 5 | 3 | 5
/works/OL88878W	The Longest Journey	E. M. Forster	1907	359	Q15999894	a | u | t | h | o | r | = | E | . |   | M | . |   | F | o | r | s | t | e | r |   | | |   | q | i | d | = | Q | 1 | 8 | 9 | 1 | 1 | 9 | ( | A | _ | e | x | a | c | t | ) |   | | |   | w | o | r | k | s | = | 3 | 3 |   | | |   | l | l | m | = | Q | 1 | 5 | 9 | 9 | 9 | 8 | 9 | 4
/works/OL17531W	Cleopatra	H. Rider Haggard	1881	359	Q4223361	a | u | t | h | o | r | = | H | . |   | R | i | d | e | r |   | H | a | g | g | a | r | d |   | | |   | q | i | d | = | Q | 2 | 3 | 7 | 1 | 9 | 6 | ( | A | _ | e | x | a | c | t | ) |   | | |   | w | o | r | k | s | = | 1 | 0 | 0 |   | | |   | l | l | m | = | Q | 4 | 2 | 2 | 3 | 3 | 6 | 1
/works/OL81293W	The Rainbow	Lawrence, D. H.	1915	358	Q3288936	a | u | t | h | o | r | = | D | . |   | H | . |   | L | a | w | r | e | n | c | e |   | | |   | q | i | d | = | Q | 3 | 4 | 9 | 7 | 0 | ( | A | _ | e | x | a | c | t | ) |   | | |   | w | o | r | k | s | = | 8 | 4 |   | | |   | l | l | m | = | Q | 3 | 2 | 8 | 8 | 9 | 3 | 6
/works/OL12789W	A Lost Lady	Willa Cather	1923	356	Q3815190	a | u | t | h | o | r | = | W | i | l | l | a |   | C | a | t | h | e | r |   | | |   | q | i | d | = | Q | 2 | 2 | 9 | 4 | 8 | 0 | ( | A | _ | e | x | a | c | t | ) |   | | |   | w | o | r | k | s | = | 1 | 0 | 0 |   | | |   | l | l | m | = | Q | 3 | 8 | 1 | 5 | 1 | 9 | 0
/works/OL1315930W	Trent's Last Case	E. C. Bentley	1900	356	Q3824759	a | u | t | h | o | r | = | E | . |   | C | . |   | B | e | n | t | l | e | y |   | | |   | q | i | d | = | N | o | n | e | ( | F | A | I | L | E | D | ) |   | | |   | w | o | r | k | s | = | 0 |   | | |   | l | l | m | = | N | O | _ | M | A | T | C | H |   | | |   | f | a | l | l | b | a | c | k | = | Q | 3 | 8 | 2 | 4 | 7 | 5 | 9
/works/OL485469W	The Lone Star Ranger	Zane Grey	1914	354	Q16386740	a | u | t | h | o | r | = | Z | a | n | e |   | G | r | e | y |   | | |   | q | i | d | = | Q | 1 | 4 | 6 | 7 | 6 | 3 | ( | A | _ | e | x | a | c | t | ) |   | | |   | w | o | r | k | s | = | 4 | 5 |   | | |   | l | l | m | = | Q | 1 | 6 | 3 | 8 | 6 | 7 | 4 | 0
/works/OL24166W	Kidnapped	Robert Louis Stevenson	1886	352	Q2349094	a | u | t | h | o | r | = | R | o | b | e | r | t |   | L | o | u | i | s |   | S | t | e | v | e | n | s | o | n |   | | |   | q | i | d | = | Q | 1 | 5 | 1 | 2 | ( | A | _ | e | x | a | c | t | ) |   | | |   | w | o | r | k | s | = | 1 | 0 | 0 |   | | |   | l | l | m | = | Q | 2 | 3 | 4 | 9 | 0 | 9 | 4
/works/OL100238W	The Titan	Theodore Dreiser	1914	351	Q4458189	a | u | t | h | o | r | = | T | h | e | o | d | o | r | e |   | D | r | e | i | s | e | r |   | | |   | q | i | d | = | Q | 4 | 8 | 6 | 0 | 9 | 6 | ( | A | _ | e | x | a | c | t | ) |   | | |   | w | o | r | k | s | = | 2 | 8 |   | | |   | l | l | m | = | Q | 4 | 4 | 5 | 8 | 1 | 8 | 9
/works/OL47721W	News from nowhere, or, An epoch of rest, being some chapters from a utopian romance	Morris, William	1890	347	Q7019506	a | u | t | h | o | r | = | W | i | l | l | i | a | m |   | M | o | r | r | i | s |   | | |   | q | i | d | = | Q | 1 | 8 | 2 | 5 | 8 | 9 | ( | A | _ | e | x | a | c | t | ) |   | | |   | w | o | r | k | s | = | 8 | 4 |   | | |   | l | l | m | = | Q | 7 | 0 | 1 | 9 | 5 | 0 | 6
/works/OL8074992W	Donnegan	Frederick Schiller Faust	1923	345	NO_MATCH	a | u | t | h | o | r | = | F | r | e | d | e | r | i | c | k |   | S | c | h | i | l | l | e | r |   | F | a | u | s | t |   | | |   | q | i | d | = | Q | 1 | 3 | 7 | 8 | 1 | 8 | 8 | ( | A | _ | e | x | a | c | t | ) |   | | |   | w | o | r | k | s | = | 1 | 8 |   | | |   | l | l | m | = | N | O | _ | M | A | T | C | H |   | | |   | f | a | l | l | b | a | c | k | = | N | O | _ | M | A | T | C | H
/works/OL262596W	The Poison Belt	Doyle, Arthur Conan	1913	345	"NO_MATCH

None of the candidates listed correspond to ""The Poison Belt"" (1"	"a | u | t | h | o | r | = | A | r | t | h | u | r |   | C | o | n | a | n |   | D | o | y | l | e |   | | |   | q | i | d | = | Q | 3 | 5 | 6 | 1 | 0 | ( | A | _ | e | x | a | c | t | ) |   | | |   | w | o | r | k | s | = | 1 | 0 | 0 |   | | |   | l | l | m | = | N | O | _ | M | A | T | C | H | 
 | 
 | N | o | n | e |   | o | f |   | t | h | e |   | c | a | n | d | i | d | a | t | e | s |   | l | i | s | t | e | d |   | c | o | r | r | e | s | p | o | n | d |   | t | o |   | "" | T | h | e |   | P | o | i | s | o | n |   | B | e | l | t | "" |   | ( | 1"
/works/OL485420W	Desert Gold	Zane Grey	1913	341	Q20087532	a | u | t | h | o | r | = | Z | a | n | e |   | G | r | e | y |   | | |   | q | i | d | = | Q | 1 | 4 | 6 | 7 | 6 | 3 | ( | A | _ | e | x | a | c | t | ) |   | | |   | w | o | r | k | s | = | 4 | 5 |   | | |   | l | l | m | = | Q | 2 | 0 | 0 | 8 | 7 | 5 | 3 | 2
/works/OL77786W	The story girl	L. M. Montgomery	1911	340	Q3270964	a | u | t | h | o | r | = | L | . |   | M | . |   | M | o | n | t | g | o | m | e | r | y |   | | |   | q | i | d | = | Q | 2 | 7 | 3 | 0 | 3 | 4 | ( | B | _ | l | a | s | t | n | a | m | e | _ | l | l | m | ) |   | | |   | w | o | r | k | s | = | 1 | 0 | 0 |   | | |   | l | l | m | = | Q | 3 | 2 | 7 | 0 | 9 | 6 | 4
/works/OL17532W	She and Allan	H. Rider Haggard	1921	339	Q11681425	a | u | t | h | o | r | = | H | . |   | R | i | d | e | r |   | H | a | g | g | a | r | d |   | | |   | q | i | d | = | Q | 2 | 3 | 7 | 1 | 9 | 6 | ( | A | _ | e | x | a | c | t | ) |   | | |   | w | o | r | k | s | = | 1 | 0 | 0 |   | | |   | l | l | m | = | Q | 1 | 1 | 6 | 8 | 1 | 4 | 2 | 5
/works/OL76595W	Prester John	John Buchan	1900	339	Q7241771	a | u | t | h | o | r | = | J | o | h | n |   | B | u | c | h | a | n |   | | |   | q | i | d | = | Q | 3 | 3 | 3 | 0 | 0 | 4 | ( | A | _ | e | x | a | c | t | ) |   | | |   | w | o | r | k | s | = | 5 | 6 |   | | |   | l | l | m | = | Q | 7 | 2 | 4 | 1 | 7 | 7 | 1
/works/OL17445W	Child of Storm	H. Rider Haggard	1911	334	Q5097889	a | u | t | h | o | r | = | H | . |   | R | i | d | e | r |   | H | a | g | g | a | r | d |   | | |   | q | i | d | = | Q | 2 | 3 | 7 | 1 | 9 | 6 | ( | A | _ | e | x | a | c | t | ) |   | | |   | w | o | r | k | s | = | 1 | 0 | 0 |   | | |   | l | l | m | = | Q | 5 | 0 | 9 | 7 | 8 | 8 | 9
/works/OL109222W	Riceyman Steps	Bennett, Arnold	1923	334	Q7323142	a | u | t | h | o | r | = | A | r | n | o | l | d |   | B | e | n | n | e | t | t |   | | |   | q | i | d | = | Q | 3 | 1 | 4 | 1 | 5 | 8 | ( | A | _ | e | x | a | c | t | ) |   | | |   | w | o | r | k | s | = | 3 | 1 |   | | |   | l | l | m | = | Q | 7 | 3 | 2 | 3 | 1 | 4 | 2
/works/OL413674W	Tom Sawyer Abroad	Mark Twain	1894	333	Q558971	a | u | t | h | o | r | = | M | a | r | k |   | T | w | a | i | n |   | | |   | q | i | d | = | Q | 7 | 2 | 4 | 5 | ( | A | _ | e | x | a | c | t | ) |   | | |   | w | o | r | k | s | = | 1 | 0 | 0 |   | | |   | l | l | m | = | Q | 5 | 5 | 8 | 9 | 7 | 1
/works/OL54153W	The American Claimant	Mark Twain	1881	333	Q7713449	a | u | t | h | o | r | = | M | a | r | k |   | T | w | a | i | n |   | | |   | q | i | d | = | Q | 7 | 2 | 4 | 5 | ( | A | _ | e | x | a | c | t | ) |   | | |   | w | o | r | k | s | = | 1 | 0 | 0 |   | | |   | l | l | m | = | N | O | _ | M | A | T | C | H |   | | |   | f | a | l | l | b | a | c | k | = | Q | 7 | 7 | 1 | 3 | 4 | 4 | 9
/works/OL69625W	Little Lord Fauntleroy	Frances Hodgson Burnett	1886	332	Q387480	a | u | t | h | o | r | = | F | r | a | n | c | e | s |   | H | o | d | g | s | o | n |   | B | u | r | n | e | t | t |   | | |   | q | i | d | = | Q | 2 | 7 | 6 | 0 | 2 | 8 | ( | A | _ | e | x | a | c | t | ) |   | | |   | w | o | r | k | s | = | 1 | 0 | 0 |   | | |   | l | l | m | = | Q | 3 | 8 | 7 | 4 | 8 | 0
/works/OL52269W	Tono-Bungay	H. G. Wells	1890	332	Q1535422	a | u | t | h | o | r | = | H | . |   | G | . |   | W | e | l | l | s |   | | |   | q | i | d | = | Q | 4 | 2 | 5 | 1 | 1 | ( | A | _ | e | x | a | c | t | ) |   | | |   | w | o | r | k | s | = | 1 | 0 | 0 |   | | |   | l | l | m | = | Q | 1 | 5 | 3 | 5 | 4 | 2 | 2
/works/OL118393W	Flatland	Edwin Abbott Abbott	1886	327	Q728312	a | u | t | h | o | r | = | E | d | w | i | n |   | A | b | b | o | t | t |   | A | b | b | o | t | t |   | | |   | q | i | d | = | Q | 5 | 3 | 1 | 6 | 0 | 6 | ( | A | _ | e | x | a | c | t | ) |   | | |   | w | o | r | k | s | = | 1 | 3 |   | | |   | l | l | m | = | Q | 7 | 2 | 8 | 3 | 1 | 2
/works/OL8444981W	The Elusive Pimpernel (Scarlet Pimpernel)	Orczy, Emmuska Orczy	1908	327	Q16155974	a | u | t | h | o | r | = | E | m | m | u | s | k | a |   | O | r | c | z | y |   | O | r | c | z | y |   | | |   | q | i | d | = | N | o | n | e | ( | F | A | I | L | E | D | ) |   | | |   | w | o | r | k | s | = | 0 |   | | |   | l | l | m | = | N | O | _ | M | A | T | C | H |   | | |   | f | a | l | l | b | a | c | k | = | N | O | _ | M | A | T | C | H
/works/OL20165W	Puck of Pook's Hill	Kipling, Rudyard	1900	322	Q4342308	a | u | t | h | o | r | = | R | u | d | y | a | r | d |   | K | i | p | l | i | n | g |   | | |   | q | i | d | = | Q | 3 | 4 | 7 | 4 | 3 | ( | A | _ | e | x | a | c | t | ) |   | | |   | w | o | r | k | s | = | 1 | 0 | 0 |   | | |   | l | l | m | = | Q | 4 | 3 | 4 | 2 | 3 | 0 | 8
/works/OL23205W	The Grapes of Wrath	John Steinbeck	1939	321	Q215983	a | u | t | h | o | r | = | J | o | h | n |   | S | t | e | i | n | b | e | c | k |   | | |   | q | i | d | = | Q | 3 | 9 | 2 | 1 | 2 | ( | A | _ | e | x | a | c | t | ) |   | | |   | w | o | r | k | s | = | 8 | 9 |   | | |   | l | l | m | = | Q | 2 | 1 | 5 | 9 | 8 | 3
/works/OL109229W	The ghost	Bennett, Arnold	1907	319	"I need to check if either of these QIDs corresponds to ""The Ghost"" by Arnold Bennett"	"a | u | t | h | o | r | = | A | r | n | o | l | d |   | B | e | n | n | e | t | t |   | | |   | q | i | d | = | Q | 3 | 1 | 4 | 1 | 5 | 8 | ( | A | _ | e | x | a | c | t | ) |   | | |   | w | o | r | k | s | = | 3 | 1 |   | | |   | l | l | m | = | N | O | _ | M | A | T | C | H |   | | |   | f | a | l | l | b | a | c | k | = | I |   | n | e | e | d |   | t | o |   | c | h | e | c | k |   | i | f |   | e | i | t | h | e | r |   | o | f |   | t | h | e | s | e |   | Q | I | D | s |   | c | o | r | r | e | s | p | o | n | d | s |   | t | o |   | "" | T | h | e |   | G | h | o | s | t | "" |   | b | y |   | A | r | n | o | l | d |   | B | e | n | n | e | t | t"
/works/OL2234917W	Whose Body?	Dorothy L. Sayers	1923	319	Q1197575	a | u | t | h | o | r | = | D | o | r | o | t | h | y |   | L | . |   | S | a | y | e | r | s |   | | |   | q | i | d | = | Q | 1 | 0 | 6 | 7 | 4 | 0 | ( | A | _ | e | x | a | c | t | ) |   | | |   | w | o | r | k | s | = | 3 | 7 |   | | |   | l | l | m | = | Q | 1 | 1 | 9 | 7 | 5 | 7 | 5
/works/OL77777W	Emily climbs	L. M. Montgomery	1920	316	Q4385108	a | u | t | h | o | r | = | L | . |   | M | . |   | M | o | n | t | g | o | m | e | r | y |   | | |   | q | i | d | = | Q | 2 | 7 | 3 | 0 | 3 | 4 | ( | B | _ | l | a | s | t | n | a | m | e | _ | l | l | m | ) |   | | |   | w | o | r | k | s | = | 1 | 0 | 0 |   | | |   | l | l | m | = | Q | 4 | 3 | 8 | 5 | 1 | 0 | 8
/works/OL8074846W	Riders Of The Silence	Frederick Schiller Faust	1920	313	NO_MATCH	a | u | t | h | o | r | = | F | r | e | d | e | r | i | c | k |   | S | c | h | i | l | l | e | r |   | F | a | u | s | t |   | | |   | q | i | d | = | Q | 1 | 3 | 7 | 8 | 1 | 8 | 8 | ( | A | _ | e | x | a | c | t | ) |   | | |   | w | o | r | k | s | = | 1 | 8 |   | | |   | l | l | m | = | N | O | _ | M | A | T | C | H |   | | |   | f | a | l | l | b | a | c | k | = | N | O | _ | M | A | T | C | H
/works/OL505730W	The Magician	W. Somerset Maugham	1908	313	Q972714	a | u | t | h | o | r | = | W | . |   | S | o | m | e | r | s | e | t |   | M | a | u | g | h | a | m |   | | |   | q | i | d | = | N | o | n | e | ( | F | A | I | L | E | D | ) |   | | |   | w | o | r | k | s | = | 0 |   | | |   | l | l | m | = | N | O | _ | M | A | T | C | H |   | | |   | f | a | l | l | b | a | c | k | = | Q | 9 | 7 | 2 | 7 | 1 | 4
/works/OL262581W	The Exploits of Brigadier Gerard	Doyle, Arthur Conan	1896	313	"NO_MATCH

The target ""The Exploits of Brigadier Gerard"" (1"	"a | u | t | h | o | r | = | A | r | t | h | u | r |   | C | o | n | a | n |   | D | o | y | l | e |   | | |   | q | i | d | = | Q | 3 | 5 | 6 | 1 | 0 | ( | A | _ | e | x | a | c | t | ) |   | | |   | w | o | r | k | s | = | 1 | 0 | 0 |   | | |   | l | l | m | = | N | O | _ | M | A | T | C | H | 
 | 
 | T | h | e |   | t | a | r | g | e | t |   | "" | T | h | e |   | E | x | p | l | o | i | t | s |   | o | f |   | B | r | i | g | a | d | i | e | r |   | G | e | r | a | r | d | "" |   | ( | 1"
/works/OL40946456W	Three Men on the Bummel	Jerome, Jerome K.	1900	312	Q948984	a | u | t | h | o | r | = | J | e | r | o | m | e |   | K | . |   | J | e | r | o | m | e |   | | |   | q | i | d | = | Q | 2 | 1 | 8 | 6 | 9 | 8 | ( | A | _ | e | x | a | c | t | ) |   | | |   | w | o | r | k | s | = | 7 | 5 |   | | |   | l | l | m | = | Q | 9 | 4 | 8 | 9 | 8 | 4
/works/OL262455W	Rodney Stone	Doyle, Arthur Conan	1896	311	"NO_MATCH

""Rodney Stone"" (1896) by Arthur Conan"	"a | u | t | h | o | r | = | A | r | t | h | u | r |   | C | o | n | a | n |   | D | o | y | l | e |   | | |   | q | i | d | = | Q | 3 | 5 | 6 | 1 | 0 | ( | A | _ | e | x | a | c | t | ) |   | | |   | w | o | r | k | s | = | 1 | 0 | 0 |   | | |   | l | l | m | = | N | O | _ | M | A | T | C | H | 
 | 
 | "" | R | o | d | n | e | y |   | S | t | o | n | e | "" |   | ( | 1 | 8 | 9 | 6 | ) |   | b | y |   | A | r | t | h | u | r |   | C | o | n | a | n"
/works/OL88800W	The Machine Stops	E. M. Forster	1909	311	Q287448	a | u | t | h | o | r | = | E | . |   | M | . |   | F | o | r | s | t | e | r |   | | |   | q | i | d | = | Q | 1 | 8 | 9 | 1 | 1 | 9 | ( | A | _ | e | x | a | c | t | ) |   | | |   | w | o | r | k | s | = | 3 | 3 |   | | |   | l | l | m | = | Q | 2 | 8 | 7 | 4 | 4 | 8
/works/OL100236W	Jennie Gerhardt	Theodore Dreiser	1911	310	Q2671379	a | u | t | h | o | r | = | T | h | e | o | d | o | r | e |   | D | r | e | i | s | e | r |   | | |   | q | i | d | = | Q | 4 | 8 | 6 | 0 | 9 | 6 | ( | A | _ | e | x | a | c | t | ) |   | | |   | w | o | r | k | s | = | 2 | 8 |   | | |   | l | l | m | = | Q | 2 | 6 | 7 | 1 | 3 | 7 | 9
/works/OL77751W	Anne of Windy Poplars	L. M. Montgomery	1900	310	Q2633966	a | u | t | h | o | r | = | L | . |   | M | . |   | M | o | n | t | g | o | m | e | r | y |   | | |   | q | i | d | = | Q | 2 | 7 | 3 | 0 | 3 | 4 | ( | B | _ | l | a | s | t | n | a | m | e | _ | l | l | m | ) |   | | |   | w | o | r | k | s | = | 1 | 0 | 0 |   | | |   | l | l | m | = | Q | 2 | 6 | 3 | 3 | 9 | 6 | 6
/works/OL17530W	Allan's Wife	H. Rider Haggard	1889	308	Q4730445	a | u | t | h | o | r | = | H | . |   | R | i | d | e | r |   | H | a | g | g | a | r | d |   | | |   | q | i | d | = | Q | 2 | 3 | 7 | 1 | 9 | 6 | ( | A | _ | e | x | a | c | t | ) |   | | |   | w | o | r | k | s | = | 1 | 0 | 0 |   | | |   | l | l | m | = | Q | 4 | 7 | 3 | 0 | 4 | 4 | 5
/works/OL17479W	Benita, an African Romance	H. Rider Haggard	1906	306	Q16239029	a | u | t | h | o | r | = | H | . |   | R | i | d | e | r |   | H | a | g | g | a | r | d |   | | |   | q | i | d | = | Q | 2 | 3 | 7 | 1 | 9 | 6 | ( | A | _ | e | x | a | c | t | ) |   | | |   | w | o | r | k | s | = | 1 | 0 | 0 |   | | |   | l | l | m | = | Q | 1 | 6 | 2 | 3 | 9 | 0 | 2 | 9
/works/OL69630W	A Little Princess	Frances Hodgson Burnett	1905	305	Q10483376	a | u | t | h | o | r | = | F | r | a | n | c | e | s |   | H | o | d | g | s | o | n |   | B | u | r | n | e | t | t |   | | |   | q | i | d | = | Q | 2 | 7 | 6 | 0 | 2 | 8 | ( | A | _ | e | x | a | c | t | ) |   | | |   | w | o | r | k | s | = | 1 | 0 | 0 |   | | |   | l | l | m | = | Q | 1 | 0 | 4 | 8 | 3 | 3 | 7 | 6
/works/OL20170W	Plain tales from the hills	Kipling, Rudyard	1888	303	Q3484772	a | u | t | h | o | r | = | R | u | d | y | a | r | d |   | K | i | p | l | i | n | g |   | | |   | q | i | d | = | Q | 3 | 4 | 7 | 4 | 3 | ( | A | _ | e | x | a | c | t | ) |   | | |   | w | o | r | k | s | = | 1 | 0 | 0 |   | | |   | l | l | m | = | Q | 3 | 4 | 8 | 4 | 7 | 7 | 2
/works/OL69601W	Dream days	Kenneth Grahame	1898	303	Q23823967	a | u | t | h | o | r | = | K | e | n | n | e | t | h |   | G | r | a | h | a | m | e |   | | |   | q | i | d | = | Q | 3 | 1 | 4 | 8 | 9 | 7 | ( | A | _ | e | x | a | c | t | ) |   | | |   | w | o | r | k | s | = | 2 | 8 |   | | |   | l | l | m | = | Q | 2 | 3 | 8 | 2 | 3 | 9 | 6 | 7
/works/OL39379W	A Room of One's Own	Virginia Woolf	1929	303	Q1204366	a | u | t | h | o | r | = | V | i | r | g | i | n | i | a |   | W | o | o | l | f |   | | |   | q | i | d | = | Q | 4 | 0 | 9 | 0 | 9 | ( | A | _ | e | x | a | c | t | ) |   | | |   | w | o | r | k | s | = | 7 | 7 |   | | |   | l | l | m | = | Q | 1 | 2 | 0 | 4 | 3 | 6 | 6
/works/OL176068W	The Black Robe	Collins, Wilkie	1881	302	Q7718428	a | u | t | h | o | r | = | W | i | l | k | i | e |   | C | o | l | l | i | n | s |   | | |   | q | i | d | = | Q | 2 | 1 | 0 | 7 | 4 | 0 | ( | A | _ | e | x | a | c | t | ) |   | | |   | w | o | r | k | s | = | 6 | 5 |   | | |   | l | l | m | = | Q | 7 | 7 | 1 | 8 | 4 | 2 | 8
/works/OL64369W	Crome yellow	Aldous Huxley	1921	299	Q5187582	a | u | t | h | o | r | = | A | l | d | o | u | s |   | H | u | x | l | e | y |   | | |   | q | i | d | = | Q | 8 | 1 | 4 | 4 | 7 | ( | A | _ | e | x | a | c | t | ) |   | | |   | w | o | r | k | s | = | 5 | 7 |   | | |   | l | l | m | = | Q | 5 | 1 | 8 | 7 | 5 | 8 | 2
/works/OL4322177W	Daddy-Long-Legs	Jean Webster	1912	299	Q1156969	a | u | t | h | o | r | = | J | e | a | n |   | W | e | b | s | t | e | r |   | | |   | q | i | d | = | Q | 2 | 3 | 8 | 1 | 4 | 0 | ( | A | _ | e | x | a | c | t | ) |   | | |   | w | o | r | k | s | = | 1 | 0 | 0 |   | | |   | l | l | m | = | Q | 1 | 1 | 5 | 6 | 9 | 6 | 9
/works/OL2775806W	Pollyanna Grows Up	Eleanor Hodgman Porter	1915	298	Q3280873	a | u | t | h | o | r | = | E | l | e | a | n | o | r |   | H | o | d | g | m | a | n |   | P | o | r | t | e | r |   | | |   | q | i | d | = | Q | 5 | 2 | 9 | 8 | 5 | 9 | 6 | ( | B | _ | l | a | s | t | n | a | m | e | _ | f | i | r | s | t | ) |   | | |   | w | o | r | k | s | = | 3 |   | | |   | l | l | m | = | N | O | _ | M | A | T | C | H |   | | |   | f | a | l | l | b | a | c | k | = | Q | 3 | 2 | 8 | 0 | 8 | 7 | 3
/works/OL17460W	Allan and the Holy Flower	H. Rider Haggard	1900	298	Q4731051	a | u | t | h | o | r | = | H | . |   | R | i | d | e | r |   | H | a | g | g | a | r | d |   | | |   | q | i | d | = | Q | 2 | 3 | 7 | 1 | 9 | 6 | ( | A | _ | e | x | a | c | t | ) |   | | |   | w | o | r | k | s | = | 1 | 0 | 0 |   | | |   | l | l | m | = | Q | 4 | 7 | 3 | 1 | 0 | 5 | 1
/works/OL1065777W	The Lust of Hate	Guy Newell Boothby	1898	296	Q120173712	a | u | t | h | o | r | = | G | u | y |   | N | e | w | e | l | l |   | B | o | o | t | h | b | y |   | | |   | q | i | d | = | N | o | n | e | ( | F | A | I | L | E | D | ) |   | | |   | w | o | r | k | s | = | 0 |   | | |   | l | l | m | = | N | O | _ | M | A | T | C | H |   | | |   | f | a | l | l | b | a | c | k | = | Q | 1 | 2 | 0 | 1 | 7 | 3 | 7 | 1 | 2
/works/OL381550W	The Island of Dr. Moreau	H. G. Wells	1896	295	Q718268	a | u | t | h | o | r | = | H | . |   | G | . |   | W | e | l | l | s |   | | |   | q | i | d | = | Q | 4 | 2 | 5 | 1 | 1 | ( | A | _ | e | x | a | c | t | ) |   | | |   | w | o | r | k | s | = | 1 | 0 | 0 |   | | |   | l | l | m | = | Q | 7 | 1 | 8 | 2 | 6 | 8
/works/OL77775W	The blue castle	L. M. Montgomery	1926	294	Q7718738	a | u | t | h | o | r | = | L | . |   | M | . |   | M | o | n | t | g | o | m | e | r | y |   | | |   | q | i | d | = | Q | 2 | 7 | 3 | 0 | 3 | 4 | ( | B | _ | l | a | s | t | n | a | m | e | _ | l | l | m | ) |   | | |   | w | o | r | k | s | = | 1 | 0 | 0 |   | | |   | l | l | m | = | Q | 7 | 7 | 1 | 8 | 7 | 3 | 8
/works/OL76597W	Huntingtower	John Buchan	1910	293	Q5945557	a | u | t | h | o | r | = | J | o | h | n |   | B | u | c | h | a | n |   | | |   | q | i | d | = | Q | 3 | 3 | 3 | 0 | 0 | 4 | ( | A | _ | e | x | a | c | t | ) |   | | |   | w | o | r | k | s | = | 5 | 6 |   | | |   | l | l | m | = | Q | 5 | 9 | 4 | 5 | 5 | 5 | 7
/works/OL485412W	The Call of the Canyon	Zane Grey	1921	292	Q85847676	a | u | t | h | o | r | = | Z | a | n | e |   | G | r | e | y |   | | |   | q | i | d | = | Q | 1 | 4 | 6 | 7 | 6 | 3 | ( | A | _ | e | x | a | c | t | ) |   | | |   | w | o | r | k | s | = | 4 | 5 |   | | |   | l | l | m | = | Q | 8 | 5 | 8 | 4 | 7 | 6 | 7 | 6
/works/OL23204W	Of Mice and Men	John Steinbeck	1937	292	Q457977	a | u | t | h | o | r | = | J | o | h | n |   | S | t | e | i | n | b | e | c | k |   | | |   | q | i | d | = | Q | 3 | 9 | 2 | 1 | 2 | ( | A | _ | e | x | a | c | t | ) |   | | |   | w | o | r | k | s | = | 8 | 9 |   | | |   | l | l | m | = | Q | 4 | 5 | 7 | 9 | 7 | 7
/works/OL17536W	The People of the Mist	H. Rider Haggard	1894	290	Q7756660	a | u | t | h | o | r | = | H | . |   | R | i | d | e | r |   | H | a | g | g | a | r | d |   | | |   | q | i | d | = | Q | 2 | 3 | 7 | 1 | 9 | 6 | ( | A | _ | e | x | a | c | t | ) |   | | |   | w | o | r | k | s | = | 1 | 0 | 0 |   | | |   | l | l | m | = | Q | 7 | 7 | 5 | 6 | 6 | 6 | 0
/works/OL2681032W	The Evil Shepherd	E. Phillips Oppenheim	1922	289	Q109536406	a | u | t | h | o | r | = | E | . |   | P | h | i | l | l | i | p | s |   | O | p | p | e | n | h | e | i | m |   | | |   | q | i | d | = | Q | 1 | 6 | 3 | 0 | 6 | 9 | ( | A | _ | e | x | a | c | t | ) |   | | |   | w | o | r | k | s | = | 5 | 0 |   | | |   | l | l | m | = | Q | 1 | 0 | 9 | 5 | 3 | 6 | 4 | 0 | 6
/works/OL137393W	The Street of Seven Stars	Mary Roberts Rinehart	1914	289	Q67132086	a | u | t | h | o | r | = | M | a | r | y |   | R | o | b | e | r | t | s |   | R | i | n | e | h | a | r | t |   | | |   | q | i | d | = | Q | 4 | 6 | 0 | 3 | 6 | 6 | ( | A | _ | e | x | a | c | t | ) |   | | |   | w | o | r | k | s | = | 2 | 7 |   | | |   | l | l | m | = | N | O | _ | M | A | T | C | H |   | | |   | f | a | l | l | b | a | c | k | = | Q | 6 | 7 | 1 | 3 | 2 | 0 | 8 | 6
/works/OL262572W	Through the Magic Door	Doyle, Arthur Conan	1907	288	"NO_MATCH

""Through the Magic Door"" (1907) by Arthur Conan"	"a | u | t | h | o | r | = | A | r | t | h | u | r |   | C | o | n | a | n |   | D | o | y | l | e |   | | |   | q | i | d | = | Q | 3 | 5 | 6 | 1 | 0 | ( | A | _ | e | x | a | c | t | ) |   | | |   | w | o | r | k | s | = | 1 | 0 | 0 |   | | |   | l | l | m | = | N | O | _ | M | A | T | C | H | 
 | 
 | "" | T | h | r | o | u | g | h |   | t | h | e |   | M | a | g | i | c |   | D | o | o | r | "" |   | ( | 1 | 9 | 0 | 7 | ) |   | b | y |   | A | r | t | h | u | r |   | C | o | n | a | n"
/works/OL262388W	The Enchanted Island of Yew	Baum, L. Frank	1903	288	Q15032608	a | u | t | h | o | r | = | L | . |   | F | r | a | n | k |   | B | a | u | m |   | | |   | q | i | d | = | Q | 2 | 0 | 7 | 5 | 4 | 4 | ( | A | _ | e | x | a | c | t | ) |   | | |   | w | o | r | k | s | = | 1 | 0 | 0 |   | | |   | l | l | m | = | N | O | _ | M | A | T | C | H |   | | |   | f | a | l | l | b | a | c | k | = | Q | 1 | 5 | 0 | 3 | 2 | 6 | 0 | 8
/works/OL262426W	The Case-Book of Sherlock Holmes	Doyle, Arthur Conan	1927	286	Q1129378	a | u | t | h | o | r | = | A | r | t | h | u | r |   | C | o | n | a | n |   | D | o | y | l | e |   | | |   | q | i | d | = | Q | 3 | 5 | 6 | 1 | 0 | ( | A | _ | e | x | a | c | t | ) |   | | |   | w | o | r | k | s | = | 1 | 0 | 0 |   | | |   | l | l | m | = | Q | 1 | 1 | 2 | 9 | 3 | 7 | 8
/works/OL485558W	Wildfire	Zane Grey	1916	284	"I need to identify which candidate is ""Wildfire"" (1916) by Zane"	"a | u | t | h | o | r | = | Z | a | n | e |   | G | r | e | y |   | | |   | q | i | d | = | Q | 1 | 4 | 6 | 7 | 6 | 3 | ( | A | _ | e | x | a | c | t | ) |   | | |   | w | o | r | k | s | = | 4 | 5 |   | | |   | l | l | m | = | I |   | n | e | e | d |   | t | o |   | i | d | e | n | t | i | f | y |   | w | h | i | c | h |   | c | a | n | d | i | d | a | t | e |   | i | s |   | "" | W | i | l | d | f | i | r | e | "" |   | ( | 1 | 9 | 1 | 6 | ) |   | b | y |   | Z | a | n | e"
/works/OL144824W	The Sea-Wolf	Jack London	1900	283	Q1196857	a | u | t | h | o | r | = | J | a | c | k |   | L | o | n | d | o | n |   | | |   | q | i | d | = | Q | 4 | 5 | 7 | 6 | 5 | ( | A | _ | e | x | a | c | t | ) |   | | |   | w | o | r | k | s | = | 1 | 0 | 0 |   | | |   | l | l | m | = | Q | 1 | 1 | 9 | 6 | 8 | 5 | 7
/works/OL1794677W	The Young Buglers	G. A. Henty	1880	283	Q7776739	a | u | t | h | o | r | = | G | . |   | A | . |   | H | e | n | t | y |   | | |   | q | i | d | = | Q | 6 | 3 | 9 | 2 | 7 | 4 | ( | A | _ | e | x | a | c | t | ) |   | | |   | w | o | r | k | s | = | 1 | 0 | 0 |   | | |   | l | l | m | = | Q | 7 | 7 | 7 | 6 | 7 | 3 | 9
/works/OL99543W	The Wouldbegoods	E. Nesbit	1901	283	Q19102752	a | u | t | h | o | r | = | E | . |   | N | e | s | b | i | t |   | | |   | q | i | d | = | N | o | n | e | ( | F | A | I | L | E | D | ) |   | | |   | w | o | r | k | s | = | 0 |   | | |   | l | l | m | = | N | O | _ | M | A | T | C | H |   | | |   | f | a | l | l | b | a | c | k | = | Q | 1 | 9 | 1 | 0 | 2 | 7 | 5 | 2
/works/OL24163W	David Balfour	Robert Louis Stevenson	1883	280	Q2277829	a | u | t | h | o | r | = | R | o | b | e | r | t |   | L | o | u | i | s |   | S | t | e | v | e | n | s | o | n |   | | |   | q | i | d | = | Q | 1 | 5 | 1 | 2 | ( | A | _ | e | x | a | c | t | ) |   | | |   | w | o | r | k | s | = | 1 | 0 | 0 |   | | |   | l | l | m | = | Q | 2 | 2 | 7 | 7 | 8 | 2 | 9
/works/OL1176822W	After London	Richard Jefferies	1885	280	Q42184070	a | u | t | h | o | r | = | R | i | c | h | a | r | d |   | J | e | f | f | e | r | i | e | s |   | | |   | q | i | d | = | Q | 4 | 3 | 4 | 6 | 8 | 7 | ( | A | _ | e | x | a | c | t | ) |   | | |   | w | o | r | k | s | = | 1 | 4 |   | | |   | l | l | m | = | Q | 4 | 2 | 1 | 8 | 4 | 0 | 7 | 0
/works/OL77747W	Anne of Ingleside	L. M. Montgomery	1939	280	Q2562708	a | u | t | h | o | r | = | L | . |   | M | . |   | M | o | n | t | g | o | m | e | r | y |   | | |   | q | i | d | = | Q | 2 | 7 | 3 | 0 | 3 | 4 | ( | B | _ | l | a | s | t | n | a | m | e | _ | l | l | m | ) |   | | |   | w | o | r | k | s | = | 1 | 0 | 0 |   | | |   | l | l | m | = | Q | 2 | 5 | 6 | 2 | 7 | 0 | 8
/works/OL1230715W	La Peste	Albert Camus	1942	280	Q320372	a | u | t | h | o | r | = | A | l | b | e | r | t |   | C | a | m | u | s |   | | |   | q | i | d | = | Q | 3 | 4 | 6 | 7 | 0 | ( | A | _ | e | x | a | c | t | ) |   | | |   | w | o | r | k | s | = | 1 | 0 | 0 |   | | |   | l | l | m | = | Q | 3 | 2 | 0 | 3 | 7 | 2
/works/OL17525W	Nada the Lily	H. Rider Haggard	1890	280	Q6957414	a | u | t | h | o | r | = | H | . |   | R | i | d | e | r |   | H | a | g | g | a | r | d |   | | |   | q | i | d | = | Q | 2 | 3 | 7 | 1 | 9 | 6 | ( | A | _ | e | x | a | c | t | ) |   | | |   | w | o | r | k | s | = | 1 | 0 | 0 |   | | |   | l | l | m | = | Q | 6 | 9 | 5 | 7 | 4 | 1 | 4
/works/OL54147W	Tom Sawyer, Detective	Mark Twain	1897	276	Q4460113	a | u | t | h | o | r | = | M | a | r | k |   | T | w | a | i | n |   | | |   | q | i | d | = | Q | 7 | 2 | 4 | 5 | ( | A | _ | e | x | a | c | t | ) |   | | |   | w | o | r | k | s | = | 1 | 0 | 0 |   | | |   | l | l | m | = | Q | 4 | 4 | 6 | 0 | 1 | 1 | 3
/works/OL17438W	The Ancient Allen	H. Rider Haggard	1920	276	"I need to find ""The Ancient Allan"" (1920) by H. Rider Ha"	"a | u | t | h | o | r | = | H | . |   | R | i | d | e | r |   | H | a | g | g | a | r | d |   | | |   | q | i | d | = | Q | 2 | 3 | 7 | 1 | 9 | 6 | ( | A | _ | e | x | a | c | t | ) |   | | |   | w | o | r | k | s | = | 1 | 0 | 0 |   | | |   | l | l | m | = | I |   | n | e | e | d |   | t | o |   | f | i | n | d |   | "" | T | h | e |   | A | n | c | i | e | n | t |   | A | l | l | a | n | "" |   | ( | 1 | 9 | 2 | 0 | ) |   | b | y |   | H | . |   | R | i | d | e | r |   | H | a"
/works/OL27455W	The Return of the King	J. R. R. Tolkien	1950	273	Q332581	a | u | t | h | o | r | = | J | . |   | R | . |   | R | . |   | T | o | l | k | i | e | n |   | | |   | q | i | d | = | Q | 8 | 9 | 2 | ( | A | _ | e | x | a | c | t | ) |   | | |   | w | o | r | k | s | = | 1 | 0 | 0 |   | | |   | l | l | m | = | Q | 3 | 3 | 2 | 5 | 8 | 1
/works/OL472073W	Murder on the Links	Agatha Christie	1923	272	Q542293	a | u | t | h | o | r | = | A | g | a | t | h | a |   | C | h | r | i | s | t | i | e |   | | |   | q | i | d | = | Q | 3 | 5 | 0 | 6 | 4 | ( | A | _ | e | x | a | c | t | ) |   | | |   | w | o | r | k | s | = | 1 | 0 | 0 |   | | |   | l | l | m | = | Q | 5 | 4 | 2 | 2 | 9 | 3
/works/OL76475W	Manalive	Chesterton, G. K.	1912	271	Q3828527	a | u | t | h | o | r | = | G | . |   | K | . |   | C | h | e | s | t | e | r | t | o | n |   | | |   | q | i | d | = | Q | 1 | 8 | 3 | 1 | 6 | 7 | ( | A | _ | e | x | a | c | t | ) |   | | |   | w | o | r | k | s | = | 1 | 0 | 0 |   | | |   | l | l | m | = | Q | 3 | 8 | 2 | 8 | 5 | 2 | 7
/works/OL286343W	I Will Repay	Orczy, Emmuska Orczy	1900	270	Q5979829	a | u | t | h | o | r | = | E | m | m | u | s | k | a |   | O | r | c | z | y |   | O | r | c | z | y |   | | |   | q | i | d | = | N | o | n | e | ( | F | A | I | L | E | D | ) |   | | |   | w | o | r | k | s | = | 0 |   | | |   | l | l | m | = | N | O | _ | M | A | T | C | H |   | | |   | f | a | l | l | b | a | c | k | = | Q | 5 | 9 | 7 | 9 | 8 | 2 | 9
/works/OL485543W	To the Last Man	Zane Grey	1921	270	Q7811278	a | u | t | h | o | r | = | Z | a | n | e |   | G | r | e | y |   | | |   | q | i | d | = | Q | 1 | 4 | 6 | 7 | 6 | 3 | ( | A | _ | e | x | a | c | t | ) |   | | |   | w | o | r | k | s | = | 4 | 5 |   | | |   | l | l | m | = | Q | 7 | 8 | 1 | 1 | 2 | 7 | 8
/works/OL1156218W	The Royal Book of Oz	Ruth Plumly Thompson	1921	270	Q7761670	a | u | t | h | o | r | = | R | u | t | h |   | P | l | u | m | l | y |   | T | h | o | m | p | s | o | n |   | | |   | q | i | d | = | Q | 4 | 4 | 9 | 2 | 3 | 4 | ( | A | _ | e | x | a | c | t | ) |   | | |   | w | o | r | k | s | = | 2 | 5 |   | | |   | l | l | m | = | Q | 7 | 7 | 6 | 1 | 6 | 7 | 0
/works/OL485423W	The Desert of Wheat	Zane Grey	1919	264	"I need to identify ""The Desert of Wheat"" (1919) by Zane Grey"	"a | u | t | h | o | r | = | Z | a | n | e |   | G | r | e | y |   | | |   | q | i | d | = | Q | 1 | 4 | 6 | 7 | 6 | 3 | ( | A | _ | e | x | a | c | t | ) |   | | |   | w | o | r | k | s | = | 4 | 5 |   | | |   | l | l | m | = | I |   | n | e | e | d |   | t | o |   | i | d | e | n | t | i | f | y |   | "" | T | h | e |   | D | e | s | e | r | t |   | o | f |   | W | h | e | a | t | "" |   | ( | 1 | 9 | 1 | 9 | ) |   | b | y |   | Z | a | n | e |   | G | r | e | y"
/works/OL235280W	A Voyage to Arcturus	Lindsay, David	1920	264	Q4384270	a | u | t | h | o | r | = | D | a | v | i | d |   | L | i | n | d | s | a | y |   | | |   | q | i | d | = | Q | 2 | 4 | 2 | 5 | 7 | ( | A | _ | e | x | a | c | t | ) |   | | |   | w | o | r | k | s | = | 0 |   | | |   | l | l | m | = | N | O | _ | M | A | T | C | H |   | | |   | f | a | l | l | b | a | c | k | = | Q | 4 | 3 | 8 | 4 | 2 | 7 | 0
/works/OL39567W	Between the Acts	Virginia Woolf	1941	263	Q2342630	a | u | t | h | o | r | = | V | i | r | g | i | n | i | a |   | W | o | o | l | f |   | | |   | q | i | d | = | Q | 4 | 0 | 9 | 0 | 9 | ( | A | _ | e | x | a | c | t | ) |   | | |   | w | o | r | k | s | = | 7 | 7 |   | | |   | l | l | m | = | Q | 2 | 3 | 4 | 2 | 6 | 3 | 0
/works/OL20169W	The  light that failed	Kipling, Rudyard	1890	262	Q1517178	a | u | t | h | o | r | = | R | u | d | y | a | r | d |   | K | i | p | l | i | n | g |   | | |   | q | i | d | = | Q | 3 | 4 | 7 | 4 | 3 | ( | A | _ | e | x | a | c | t | ) |   | | |   | w | o | r | k | s | = | 1 | 0 | 0 |   | | |   | l | l | m | = | Q | 1 | 5 | 1 | 7 | 1 | 7 | 8
/works/OL12798W	The Professor's House	Willa Cather	1925	261	"NO_MATCH

The target work ""The Professor's House"" (1925) by"	"a | u | t | h | o | r | = | W | i | l | l | a |   | C | a | t | h | e | r |   | | |   | q | i | d | = | Q | 2 | 2 | 9 | 4 | 8 | 0 | ( | A | _ | e | x | a | c | t | ) |   | | |   | w | o | r | k | s | = | 1 | 0 | 0 |   | | |   | l | l | m | = | N | O | _ | M | A | T | C | H | 
 | 
 | T | h | e |   | t | a | r | g | e | t |   | w | o | r | k |   | "" | T | h | e |   | P | r | o | f | e | s | s | o | r | ' | s |   | H | o | u | s | e | "" |   | ( | 1 | 9 | 2 | 5 | ) |   | b | y"
/works/OL1940374W	Trilby	George Du Maurier	1894	259	Q1691967	a | u | t | h | o | r | = | G | e | o | r | g | e |   | D | u |   | M | a | u | r | i | e | r |   | | |   | q | i | d | = | N | o | n | e | ( | F | A | I | L | E | D | ) |   | | |   | w | o | r | k | s | = | 0 |   | | |   | l | l | m | = | N | O | _ | M | A | T | C | H |   | | |   | f | a | l | l | b | a | c | k | = | Q | 1 | 6 | 9 | 1 | 9 | 6 | 7
/works/OL17437W	Finished	H. Rider Haggard	1916	259	Q5450349	a | u | t | h | o | r | = | H | . |   | R | i | d | e | r |   | H | a | g | g | a | r | d |   | | |   | q | i | d | = | Q | 2 | 3 | 7 | 1 | 9 | 6 | ( | A | _ | e | x | a | c | t | ) |   | | |   | w | o | r | k | s | = | 1 | 0 | 0 |   | | |   | l | l | m | = | Q | 5 | 4 | 5 | 0 | 3 | 4 | 9
