filename	year	concept_group	count
Abu-Lughod 2020.pdf	2020	postcolonial	4
Al-Bahloly 2020.pdf	2020	form	1
Arnaud 2021.pdf	2021	pedagogy	1
Ayers 2021.pdf	2020	class	2
Ayers 2021.pdf	2020	pedagogy	2
Bao 2023.pdf	2023	modernism	1
Bao 2023.pdf	2023	postcolonial	1
Bao et al 2023.pdf	2023	class	1
Barker 2024.pdf	2019	form	1
Bashkin 2021.pdf	2020	postcolonial	1
Belisle 2025.pdf	2022	archive	1
Benoist 2019.pdf	2019	form	1
Bering-Porter 2022.pdf	2022	race	1
Bering-Porter 2022.pdf	2022	class	1
Bering-Porter 2022.pdf	2022	form	2
Bernstein 2021.pdf	2020	world_lit	1
Bernstein 2024.pdf	2022	form	1
Blom Fuller 2025.pdf	2025	form	1
Bode 2023.pdf	2023	field_formation	3
Bode 2023.pdf	2023	distant_reading	3
Brady 2021.pdf	2020	pedagogy	2
Brenkman 2021.pdf	2021	field_formation	3
Brilmyer 2024.pdf	2024	gender_sexuality	3
Caduff 2019.pdf	2019	field_formation	1
Cahill 2023.pdf	2023	race	1
Cappelletto 2021.pdf	2020	form	2
Catoni Giuliani 2019.pdf	2019	field_formation	1
Cecire Solomon 2024.pdf	2019	form	1
Chakrabarty 2019.pdf	2019	class	1
Chandler 2020.pdf	2020	field_formation	1
Chun et al 2024.pdf	2020	gender_sexuality	1
Clover 2021.pdf	2020	form	3
Cohen 2019.pdf	2019	form	1
Crawford 2021.pdf	2020	race	3
Crawford 2021.pdf	2020	class	1
Creswell 2019.pdf	2019	form	3
Da 2019.pdf	2019	field_formation	6
Da 2019.pdf	2019	distant_reading	10
Da 2019.pdf	2019	close_reading	1
Da 2019.pdf	2019	form	3
Da 2019JSTOR.pdf	2019	field_formation	4
Da 2019JSTOR.pdf	2019	distant_reading	10
Da 2019JSTOR.pdf	2019	close_reading	1
Da 2019JSTOR.pdf	2019	form	1
Da 2019JSTOR.pdf	2019	archive	2
Daston 2019.pdf	2019	form	2
Davies et al 2020.pdf	2020	form	1
Dhaliwal 2022.pdf	2019	distant_reading	1
Domínguez 2020.pdf	2020	world_lit	3
Donatelli 2019.pdf	2019	gender_sexuality	1
Donatelli 2019.pdf	2019	pedagogy	1
Dumitrescu Smith 2021.pdf	2020	field_formation	1
Evans Foster 2024.pdf	2024	race	1
Evans Foster 2024.pdf	2024	distant_reading	1
Farmer 2019.pdf	2019	form	1
Ferguson 2019.pdf	2019	form	1
Ferguson 2023.pdf	2023	publishing	1
Forbes-Macphail 2025.pdf	2022	distant_reading	1
Foucault 2019.pdf	2019	form	1
Foucault 2020.pdf	2020	class	1
Frank et al 2024.pdf	2024	form	1
Franta Silver 2024.pdf	2021	distant_reading	1
Galison 2019.pdf	2019	postcolonial	1
Gang 2022.pdf	2022	form	2
Garber 2021.pdf	2019	publishing	1
Garrett 2022.pdf	2022	modernism	1
Garrett 2022.pdf	2022	form	1
Gooding-Williams 2021.pdf	2020	field_formation	1
Gooding-Williams 2021.pdf	2020	race	1
Gooding-Williams 2021.pdf	2020	form	1
Graham 2025.pdf	2025	modernism	2
Greeson 2025.pdf	2025	class	1
Griffiths 2021.pdf	2021	class	1
Griffiths 2021.pdf	2021	form	4
Haines 2025.pdf	2025	gender_sexuality	2
Haines 2025.pdf	2025	race	1
Halperin 2019.pdf	2019	gender_sexuality	2
Halpern 2022.pdf	2022	form	1
Handelman 2022.pdf	2019	archive	1
Harcourt 2021.pdf	2020	class	1
Harcourt 2021.pdf	2020	publishing	5
Hayles 2019.pdf	2019	distant_reading	2
Heyes 2023.pdf	2023	gender_sexuality	2
Heyes 2023.pdf	2023	class	1
Heyes 2023.pdf	2023	form	1
Heyes 2023.pdf	2023	publishing	1
Heyes 2023.pdf	2023	archive	1
Houghton 2025.pdf	2025	form	7
Houser 2025.pdf	2022	gender_sexuality	3
Howles 2022.pdf	2019	field_formation	1
Howles 2022.pdf	2019	form	1
Jackson 2022.pdf	2022	form	1
Keller 2024.pdf	2024	field_formation	1
Keller 2024.pdf	2024	form	1
Kindley 2021.pdf	2021	modernism	1
Kindley 2021.pdf	2021	form	1
Kirkwood 2022.pdf	2022	distant_reading	2
Kirkwood 2022.pdf	2022	publishing	1
Kirschenbaum 2023.pdf	2023	publishing	1
Kiséry 2024.pdf	2024	modernism	2
Kiséry 2024.pdf	2024	field_formation	2
Kramnick 2021.pdf	2021	field_formation	2
Kramnick 2021.pdf	2021	close_reading	1
Kramnick 2021.pdf	2021	form	1
Kramnick 2021b.pdf		field_formation	2
Kurtz 2021.pdf	2021	form	1
Latour 2021b.pdf		publishing	1
Laugier 2019.pdf	2019	form	1
Laugier 2019.pdf	2019	pedagogy	1
Lee 2025.pdf	2022	class	2
Lee 2025.pdf	2022	pedagogy	1
Levine 2025.pdf	2025	gender_sexuality	1
Levine 2025.pdf	2025	form	1
Lewis 2019.pdf	2019	modernism	1
Liu 2023.pdf	2023	form	2
Liu 2025.pdf	2020	pedagogy	1
Long et al 2023.pdf	2020	archive	1
Lorenzini 2019.pdf	2019	gender_sexuality	2
Lorenzini 2019.pdf	2019	form	1
Lorenzini Neer 2019.pdf	2019	form	1
Makhoul 2022.pdf	2022	expansion	1
Malabou 2023.pdf	2023	class	3
Malabou 2024.pdf	2024	class	1
Malewitz 2019.pdf	2019	form	3
Mathes 2025.pdf	2025	race	3
McGann 2019.pdf	2019	postcolonial	1
McLane 2024.pdf	2024	form	3
Miller 2025.pdf	2025	form	1
Milner 2019.pdf	2019	field_formation	1
Milner 2019.pdf	2019	expansion	1
Mitchell 2023.pdf	2023	form	1
Morabito et al 2025.pdf	2025	form	1
Morgan 2023.pdf	2023	modernism	3
Morgan 2023.pdf	2023	form	1
Mulligan 2021.pdf	2019	field_formation	2
Mulligan 2021.pdf	2019	distant_reading	2
Nagel 2020.pdf	2020	gender_sexuality	2
Ng 2023.pdf	2019	gender_sexuality	1
Oksala 2023.pdf	2023	class	1
Oksala 2023.pdf	2023	publishing	1
Palacios 2019.pdf	2019	modernism	1
Panofsky 2023.pdf	2023	form	3
Parisi 2022.pdf	2019	postcolonial	1
Parisi 2022.pdf	2019	class	1
Parker 2025.pdf	2023	form	1
Pippin 2019.pdf	2019	gender_sexuality	1
Pippin 2019.pdf	2019	class	2
Platt 2020.pdf	2020	form	1
Pourciau 2022.pdf	2019	form	1
Qian 2020.pdf	2020	field_formation	1
Qian 2020.pdf	2020	class	2
Rancière 2022.pdf	2022	class	1
Renard 2025.pdf	2022	modernism	1
Renard 2025.pdf	2022	form	2
Rennebohm 2023.pdf	2020	race	2
Roosth 2022.pdf	2022	pedagogy	2
Saussy 2020.pdf	2020	form	1
Schwendener 2025.pdf	2025	postcolonial	1
Scotch 2021.pdf	2020	publishing	2
Smith 2019.pdf	2019	field_formation	1
Somaini 2023.pdf	2020	form	1
Sorace 2020.pdf	2020	field_formation	1
Sorace 2020.pdf	2020	postcolonial	1
Sorace 2020.pdf	2020	class	1
Sorace 2020.pdf	2020	archive	2
Stark 2024.pdf	2024	gender_sexuality	1
Stark 2024.pdf	2024	race	1
Stark 2024.pdf	2024	class	1
Stejskal 2021.pdf	2021	form	1
Stoler 2022.pdf	2022	form	1
Stoler 2022.pdf	2022	archive	4
Swarbrick 2023.pdf	2023	pedagogy	1
Taussig 2020.pdf	2020	postcolonial	1
Tavlin 2022.pdf	2022	close_reading	1
Tavlin 2022.pdf	2022	form	1
Thell 2025.pdf	2020	form	1
Thiemeyer 2019.pdf	2019	postcolonial	6
Tiisala 2021.pdf	2021	publishing	1
Tu 2024.pdf	2024	pedagogy	2
Vaughn 2024.pdf	2022	postcolonial	1
Veg 2020.pdf	2020	modernism	1
Wang 2020.pdf	2020	modernism	1
Weatherby Justie 2022.pdf	2019	field_formation	1
Wilkinson 2021.pdf	2020	form	1
Wu 2020.pdf	2020	form	1
Yeager 2019.pdf	2019	modernism	1
Yeager 2019.pdf	2019	class	1
Zhang 2022.pdf	2022	class	1
__TOTAL__	all	form	83
__TOTAL__	all	field_formation	36
__TOTAL__	all	distant_reading	33
__TOTAL__	all	class	28
__TOTAL__	all	gender_sexuality	22
__TOTAL__	all	postcolonial	19
__TOTAL__	all	modernism	16
__TOTAL__	all	publishing	15
__TOTAL__	all	pedagogy	14
__TOTAL__	all	race	14
__TOTAL__	all	archive	12
__TOTAL__	all	world_lit	4
__TOTAL__	all	close_reading	4
__TOTAL__	all	expansion	2
