/books/OL47172190M	2020-07-20	spa		9788418208423	8418208422
/books/OL31436704M	2012			9781482557053	
/books/OL24637397M	1930	eng			
/books/OL17778263M	1923	eng			
/books/OL9628822M	January 31, 2006			9789562910521	9562910520
/books/OL5999371M	1923	eng	3099420		
/books/OL20217073M	1986	eng			9063031440
/books/OL24289463M	2004	eng			
/books/OL18974107M	2001	heb	48068745		9657089239
/books/OL6082839M	1930	spa	4391530		
/books/OL19337796M	1922	eng			
/books/OL17558017M	1967	gre			
/books/OL13057474M	January 2006		232305128	9789562911542	9562911543
/books/OL21819409M	1971	rus			
/books/OL21494331M					
/books/OL23124227M	2007	eng			
/books/OL12372303M	August 26, 2002	eng		9781591093855	1591093856
/books/OL6651658M	1922	eng	260599		
/books/OL5323601M	1971	eng	2656350		0571096344
/books/OL1091785M	1994	eng	2668214		0156948702
/books/OL4938176M	1960	eng	2966267		
/books/OL5706358M	1971	eng	173211		0151947600
/books/OL15066842M	1980	eng			0571115039
/books/OL6792107M	2001	eng	44509271		0393974995
/books/OL13057438M	January 31, 2006			9789562910538	9562910539
/books/OL5419543M	1974	eng			0156948702
/books/OL20362164M	1962	eng			
/books/OL745076M	1997	eng	36616503		0156005344
/books/OL11326615M	June 1969	eng		9780812003802	0812003802
/books/OL19896813M	1973	gre			
/books/OL5999889M	1961	eng	577145		
/books/OL16701484M	1928	eng			
