selection_title	selection_author	selection_year	matched_title	matched_author	openlibrary_record_year	openlibrary_work_key	openalex_title_author_count	openalex_literary_terms_count	openalex_status	openalex_risk_flags	openlibrary_edition_count	hathitrust_volume_count	wikidata_qid	metadata_flags	bibliographic_note	jstor_ll_candidate_count	jstor_ll_relevant_count	jstor_ll_unclear_count	jstor_ll_unrelated_count	work_key	sampled_n	include_substantive_n	include_mention_n	exclude_non_scholarly_n	exclude_unrelated_n	unclear_n	scholarly_rate	estimated_scholarly_count	openalex_semantic_visibility	work_key_base	gr_ratings	gr_reviews	gr_match	reader_signal	quality_flags
The Red Axe	S R Crockett	1898	The Red Axe	S. R. Crockett	1898	/works/OL2339087W	0	0	zero_title_author	canonical_preserved	28	1		openalex:zero_title_author; wikidata_unresolved		0	0	0	0		0.0	0.0	0.0	0.0	0.0	0.0		0.0	0.0	/works/OL2339087W	0	0	NO_MATCH	0	
The Job	Sinclair Lewis	1918	The job	Sinclair Lewis	1905	/works/OL51141W	161	48	use_with_warning_short_title	observed_generic_short_title|short_title_len_le_2|huge_phrase_with_author_check_needed|canonical_preserved	72	2		year_discrepancy; openalex:use_with_warning_short_title; wikidata_unresolved		49	0	13	36	/works/OL51141W	40.0	0.0	0.0	16.0	24.0	0.0	0.0	0.0	0.0	/works/OL51141W	153	14	RATINGS_MAX	153	short_or_general_title|known_jstor_ambiguous_title
Sons and Lovers	D. H. Lawrence	1913	Sons and Lovers	Lawrence, D. H.	1913	/works/OL81295W	299	220	use_title_author	canonical_preserved	332	9	Q80771	author_variant_or_source_error		49	47	1	1	/works/OL81295W	40.0	33.0	1.0	2.0	3.0	1.0	0.8717948717948718	260.6666666666667	260.6666666666667	/works/OL81295W	39315	1546	RATINGS_MAX	39315	
McTeague	Frank Norris	1899	McTeague	Frank Norris	1899	/works/OL1794911W	73	60	use_with_warning_short_title	short_title_len_le_2|canonical_preserved	289	1	Q11772710	openalex:use_with_warning_short_title		34	34	0	0	/works/OL1794911W	40.0	27.0	1.0	4.0	6.0	2.0	0.7368421052631579	53.78947368421052	53.78947368421052	/works/OL1794911W	4670	429	UNIQUE	4670	short_or_general_title
This Side of Paradise	F Scott Fitzgerald	1920	This Side of Paradise	F. Scott Fitzgerald	1920	/works/OL468488W	99	76	use_title_author	canonical_preserved	495	1	Q2581681			11	10	1	0	/works/OL468488W	40.0	22.0	2.0	6.0	7.0	3.0	0.6486486486486487	64.21621621621622	64.21621621621622	/works/OL468488W	48583	2875	YEAR_AUTH	48583	
The Ambassadors	Henry James	1903	The Ambassadors	James, Henry	1903	/works/OL276470W	207	159	use_with_warning_short_title	short_title_len_le_2|canonical_preserved	231	1	Q650571	author_variant_or_source_error; openalex:use_with_warning_short_title		73	69	3	1	/works/OL276470W	40.0	29.0	0.0	8.0	1.0	2.0	0.7631578947368421	157.97368421052633	157.97368421052633	/works/OL276470W	9923	464	YEAR_AUTH	9923	short_or_general_title
The Great Gatsby	F Scott Fitzgerald	1925	The Great Gatsby	F. Scott Fitzgerald	1925	/works/OL35353208W	858	652	use_title_author	canonical_preserved	2	6	Q214371			107	106	1	0	/works/OL35353208W	40.0	32.0	1.0	6.0	0.0	1.0	0.8461538461538461	726.0	726.0	/works/OL35353208W	2852789	52899	YEAR_AUTH	2852789	
The Sound and the Fury	William Faulkner	1929	The Sound and the Fury	William Faulkner	1929	/works/OL82870W	492	370	use_title_author	canonical_preserved	94	2	Q135515			95	92	1	2	/works/OL82870W	40.0	31.0	0.0	5.0	1.0	3.0	0.8378378378378378	412.2162162162162	412.2162162162162	/works/OL82870W	135300	5630	YEAR_AUTH	135300	
Senator North	Gertrude Atherton	1900	Senator North	Atherton, Gertrude Franklin Horn	1900	/works/OL1797270W	0	0	zero_title_author	short_title_len_le_2|canonical_preserved	29	4		author_variant_or_source_error; openalex:zero_title_author; wikidata_unresolved		0	0	0	0		0.0	0.0	0.0	0.0	0.0	0.0		0.0	0.0	/works/OL1797270W	0	0	NO_MATCH	0	short_or_general_title
The Age of Innocence	Edith Wharton	1920	The Age of Innocence	Edith Wharton	1920	/works/OL98491W	174	128	use_title_author	canonical_preserved	301	1	Q1045464			47	46	0	1	/works/OL98491W	40.0	31.0	2.0	4.0	2.0	1.0	0.8461538461538461	147.23076923076923	147.23076923076923	/works/OL98491W	116938	5178	YEAR_AUTH	116938	
Nineteen Eighty-Four	George Orwell	1949	Nineteen Eighty-Four	George Orwell	1949	/works/OL1168083W	437	302	use_title_author	canonical_preserved	532	4	Q208460			20	20	0	0	/works/OL1168083W	40.0	25.0	4.0	8.0	2.0	1.0	0.7435897435897436	324.948717948718	324.948717948718	/works/OL1168083W	2125871	47197	UNIQUE	2125871	short_or_general_title
The Portrait of a Lady	Henry James	1881	The Portrait of a Lady	James, Henry	1881	/works/OL276365W	396	315	use_title_author	canonical_preserved	432	21	Q861017	author_variant_or_source_error		51	51	0	0	/works/OL276365W	40.0	33.0	2.0	4.0	0.0	1.0	0.8974358974358975	355.3846153846154	355.3846153846154	/works/OL276365W	60291	2153	YEAR_AUTH	60291	
Heart of Darkness	Joseph Conrad	1899	Heart of Darkness	Conrad, Joseph	1899	/works/OL31971259W	1005	774	use_title_author	canonical_preserved	14	1	Q129778	author_variant_or_source_error		266	255	7	4	/works/OL31971259W	40.0	28.0	3.0	4.0	2.0	3.0	0.8378378378378378	842.027027027027	842.027027027027	/works/OL31971259W	315808	10150	RATINGS_MAX	315808	
The Sun Also Rises	Ernest Hemingway	1926	The Sun Also Rises	Ernest Hemingway	1926	/works/OL62979W	416	297	use_title_author	canonical_preserved	162	1	Q501351			42	42	0	0	/works/OL62979W	40.0	21.0	4.0	9.0	3.0	3.0	0.6756756756756757	281.0810810810811	281.0810810810811	/works/OL62979W	308432	10069	YEAR_AUTH	308432	
Maggie, a girl of the streets	Stephen Crane	1892	Maggie, a girl of the streets	Crane, Stephen	1893	/works/OL20839W	49	34	use_title_author	canonical_preserved	260	1		author_variant_or_source_error; year_discrepancy; wikidata_unresolved		4	4	0	0	/works/OL20839W	40.0	26.0	3.0	8.0	1.0	2.0	0.7631578947368421	37.39473684210527	37.39473684210527	/works/OL20839W	6282	309	MANUAL_FIX	6282	
Tarzan of the Apes	Edgar Rice Burroughs	1917	Tarzan of the Apes	Edgar Rice Burroughs	1912	/works/OL1418251W	17	15	use_title_author	canonical_preserved	226	2	Q655296	year_discrepancy		1	1	0	0	/works/OL1418251W	17.0	11.0	1.0	4.0	1.0	0.0	0.7058823529411765	12.0	12.0	/works/OL1418251W	33024	2025	YEAR_AUTH	33024	
The Scarlet Pimpernel	Emma Orczy	1905	The Scarlet Pimpernel	Orczy, Emmuska Orczy	1900	/works/OL1253285W	8	3	use_title_author	canonical_preserved	591	5	Q1249536	author_variant_or_source_error; year_discrepancy	Emma Orczy and Emmuska Orczy are name variants; the two year fields are retained separately.	1	1	0	0	/works/OL1253285W	8.0	1.0	1.0	6.0	0.0	0.0	0.25	2.0	2.0	/works/OL1253285W	105194	5173	UNIQUE	105194	
The Time Machine	H. G. Wells	1895	The Time Machine	H. G. Wells	1895	/works/OL52267W	233	193	use_with_warning_risky_author	observed_risky_author_last:wells|canonical_preserved	1146	2	Q627333	openalex:use_with_warning_risky_author		23	20	3	0	/works/OL52267W	40.0	22.0	1.0	7.0	8.0	2.0	0.6052631578947368	141.02631578947367	141.02631578947367	/works/OL52267W	311720	7629	YEAR_AUTH	311720	
Autobiography of Alice B Toklas	Gertrude Stein	1933	The Autobiography of Alice B. Toklas	Gertrude Stein	1933	/works/OL37277W	70	58	use_title_author	canonical_preserved	83	2	Q6618986	title_variant		6	6	0	0	/works/OL37277W	40.0	23.0	3.0	9.0	2.0	3.0	0.7027027027027027	49.18918918918919	49.18918918918919	/works/OL37277W	6663	522	UNIQUE	6663	
Martin Eden	Jack London	1909	Martin Eden	Jack London	1908	/works/OL144822W	94	75	use_with_warning_short_title	short_title_len_le_2|canonical_preserved	168	1	Q1317839	year_discrepancy; openalex:use_with_warning_short_title		10	10	0	0	/works/OL144822W	40.0	33.0	0.0	7.0	0.0	0.0	0.825	77.55	77.55	/works/OL144822W	15636	781	UNIQUE	15636	short_or_general_title
The Story of an African Farm	Olive Schreiner	1883	The story of an African farm	Olive Schreiner	1883	/works/OL18561767W	74	74	use_title_author	canonical_preserved	7	2		wikidata_unresolved		8	8	0	0	/works/OL18561767W	40.0	33.0	2.0	4.0	1.0	0.0	0.875	64.75	64.75	/works/OL18561767W	1606	124	UNIQUE	1606	
The Mystery of the Cloomber	Arthur Conan Doyle	1889	The Mystery of Cloomber	Doyle, Arthur Conan	1895	/works/OL262473W	1	1	use_title_author	canonical_preserved	215	2	Q4449924	title_variant; author_variant_or_source_error; year_discrepancy		0	0	0	0	/works/OL262473W	1.0	1.0	0.0	0.0	0.0	0.0	1.0	1.0	1.0	/works/OL262473W	377	43	UNIQUE	377	
Return Of The Soldier	Nathaniel West	1918	The Return of the Soldier	Rebecca West	1918	/works/OL27834207W	40	31	use_with_warning_risky_author	observed_risky_author_last:west|canonical_preserved	95	3	Q7760466	title_variant; author_variant_or_source_error; openalex:use_with_warning_risky_author	The source list records Nathaniel West; the matched work is Rebecca West's The Return of the Soldier.	9	9	0	0	/works/OL27834207W	40.0	28.0	1.0	5.0	2.0	4.0	0.8055555555555556	32.22222222222222	32.22222222222222	/works/OL27834207W	3659	371	UNIQUE	3659	
Gone to Earth	Mary Webb	1917	Gone to Earth	Mary Gladys Meredith Webb	1917	/works/OL4390503W	8	6	use_title_author	canonical_preserved	15	1	Q109284453	author_variant_or_source_error		4	2	2	0	/works/OL4390503W	8.0	4.0	1.0	2.0	1.0	0.0	0.625	5.0	5.0	/works/OL4390503W	346	50	YEAR_AUTH	346	
The Homeward Trail	Waldron Baily	1916	The Homeward Trail	Waldron Baily	1916	/works/OL13144755W	0	0	zero_title_author	canonical_preserved	3	2		openalex:zero_title_author; wikidata_unresolved		0	0	0	0		0.0	0.0	0.0	0.0	0.0	0.0		0.0	0.0	/works/OL13144755W	0	0	NO_MATCH_AUTH	0	
The Red Badge of Courage	Stephen Crane	1895	The red badge of courage	Crane, Stephen	1900	/works/OL42517032W	153	108	use_title_author	canonical_preserved	1	1	Q1219239	author_variant_or_source_error; year_discrepancy		45	45	0	0	/works/OL42517032W	40.0	27.0	2.0	5.0	3.0	3.0	0.7837837837837838	119.91891891891892	119.91891891891892	/works/OL42517032W	76073	2918	RATINGS_MAX	76073	
Howard's End	E. M. Forster	1910	Howards End	E. M. Forster	1910	/works/OL88881W	182	135	use_with_warning_short_title	short_title_len_le_2|canonical_preserved	467	2	Q1146642	title_variant; openalex:use_with_warning_short_title		30	30	0	0	/works/OL88881W	40.0	27.0	6.0	3.0	1.0	3.0	0.8918918918918919	162.32432432432432	162.32432432432432	/works/OL88881W	60000	2014	UNIQUE	60000	short_or_general_title
A Portrait of the Artist as a Young Man	James Joyce	1916	A portrait of the artist as a young man	Joyce, James	1921	/works/OL38989822W	509	384	use_title_author	canonical_preserved	3	14	Q465360	author_variant_or_source_error; year_discrepancy		67	67	0	0	/works/OL38989822W	40.0	24.0	1.0	12.0	2.0	1.0	0.6410256410256411	326.2820512820513	326.2820512820513	/works/OL38989822W	104979	4047	YEAR_AUTH	104979	
Jude the Obscure	Thomas Hardy	1895	Jude the obscure	Hardy, Thomas	1895	/works/OL39453744W	343	273	use_with_warning_risky_author	observed_risky_author_last:hardy|canonical_preserved	1	17	Q1248773	author_variant_or_source_error; openalex:use_with_warning_risky_author		69	68	1	0	/works/OL39453744W	40.0	30.0	1.0	4.0	1.0	4.0	0.8611111111111112	295.36111111111114	295.36111111111114	/works/OL39453744W	51099	2372	UNIQUE	51099	
Secret Agent	Joseph Conrad	1907	The Secret Agent	Conrad, Joseph	1907	/works/OL39108W	285	225	use_title_author	canonical_preserved	335	1	Q1247666	title_variant; author_variant_or_source_error		132	129	2	1	/works/OL39108W	40.0	30.0	0.0	4.0	2.0	4.0	0.8333333333333334	237.5	237.5	/works/OL39108W	14686	976	YEAR_AUTH	14686	
Tess of the D'Urbervilles	Thomas Hardy	1891	Tess of the D'Urbervilles	Thomas Hardy	1891	/works/OL40434746W	504	369	use_with_warning_risky_author	observed_risky_author_last:hardy|canonical_preserved	9	39	Q649409	openalex:use_with_warning_risky_author		65	63	2	0	/works/OL40434746W	40.0	34.0	0.0	4.0	0.0	2.0	0.8947368421052632	450.9473684210527	450.9473684210527	/works/OL40434746W	194972	6886	UNIQUE	194972	
Ulysses	James Joyce	1922	Ulysses	James Joyce	1922	/works/OL35695219W	2194	1574	use_with_warning_short_title	short_title_len_le_2|canonical_preserved	71	3	Q6511	openalex:use_with_warning_short_title		827	710	64	53	/works/OL35695219W	40.0	22.0	5.0	9.0	2.0	2.0	0.7105263157894737	1558.8947368421052	1558.8947368421052	/works/OL35695219W	88298	5202	RATINGS_MAX	88298	short_or_general_title|known_jstor_ambiguous_title
Dubliners	James Joyce	1914	Dubliners	Joyce, James	1914	/works/OL86320W	689	544	use_with_warning_short_title	short_title_len_le_2|canonical_preserved	996	7	Q459592	author_variant_or_source_error; openalex:use_with_warning_short_title		94	94	0	0	/works/OL86320W	40.0	30.0	2.0	7.0	1.0	0.0	0.8	551.2	551.2	/works/OL86320W	93509	4222	UNIQUE	93509	short_or_general_title
The Rise of David Levinsky	Abraham Cahan	1917	The rise of David Levinsky	Abraham Cahan	1917	/works/OL14864528W	24	19	use_title_author	canonical_preserved	20	2		wikidata_unresolved		7	7	0	0	/works/OL14864528W	24.0	11.0	2.0	6.0	4.0	1.0	0.5652173913043478	13.565217391304348	13.565217391304348	/works/OL14864528W	448	45	UNIQUE	448	
The Prisoner of Zenda	Anthony Hope	1894	The Prisoner of Zenda	Anthony Hope	1939	/works/OL245401W	14	12	use_with_warning_risky_author	observed_risky_author_last:hope|canonical_preserved	627	19		year_discrepancy; openalex:use_with_warning_risky_author; wikidata_unresolved		2	1	1	0	/works/OL245401W	14.0	5.0	1.0	8.0	0.0	0.0	0.4285714285714285	6.0	6.0	/works/OL245401W	15006	724	MANUAL_FIX	15006	
The Odd Women	George Gissing	1893	The odd women	George Gissing	1893	/works/OL715621W	35	26	use_title_author	canonical_preserved	36	1		wikidata_unresolved		7	7	0	0	/works/OL715621W	35.0	23.0	2.0	4.0	4.0	2.0	0.7575757575757576	26.51515151515152	26.51515151515152	/works/OL715621W	3411	199	UNIQUE	3411	
Alexander's Bridge	Willa Cather	1912	Alexander's Bridge	Willa Cather	1912	/works/OL12781W	32	29	use_title_author	canonical_preserved	229	2	Q4718102			4	4	0	0	/works/OL12781W	32.0	16.0	1.0	12.0	1.0	2.0	0.5666666666666667	18.133333333333333	18.133333333333333	/works/OL12781W	976	138	UNIQUE	976	short_or_general_title
Jacob's Room	Virginia Woolf	1922	Jacob's Room	Virginia Woolf	1922	/works/OL39329W	160	125	use_title_author	canonical_preserved	309	1	Q1677745			19	19	0	0	/works/OL39329W	40.0	28.0	1.0	4.0	2.0	5.0	0.8285714285714286	132.57142857142858	132.57142857142858	/works/OL39329W	6378	472	UNIQUE	6378	short_or_general_title
Ethan Frome	Edith Wharton	1911	Ethan Frome	Edith Wharton	1910	/works/OL98501W	83	55	use_with_warning_short_title	short_title_len_le_2|canonical_preserved	1000	12	Q5402934	year_discrepancy; openalex:use_with_warning_short_title		14	14	0	0	/works/OL98501W	40.0	22.0	3.0	9.0	3.0	3.0	0.6756756756756757	56.08108108108108	56.08108108108108	/works/OL98501W	84941	4293	YEAR_AUTH	84941	short_or_general_title
Treasure Island	Robert Louis Stevenson	1882	Treasure Island	Robert Louis Stevenson	1880	/works/OL24034W	155	111	use_with_warning_short_title	short_title_len_le_2|canonical_preserved	1988	2	Q185118	year_discrepancy; openalex:use_with_warning_short_title		18	16	2	0	/works/OL24034W	40.0	20.0	6.0	6.0	6.0	2.0	0.6842105263157895	106.05263157894736	106.05263157894736	/works/OL24034W	318348	8178	RATINGS_MAX	318348	short_or_general_title
The Turn of the Screw	Henry James	1898	Turn of the Screw	Henry James	1898	/works/OL40252771W	280	214	use_title_author	canonical_preserved	8	1		title_variant; wikidata_unresolved		67	67	0	0	/works/OL40252771W	40.0	29.0	1.0	9.0	1.0	0.0	0.75	210.0	210.0	/works/OL40252771W	68334	4634	RATINGS_MAX	68334	
White Fang	Jack London	1906	White Fang	Jack London	1905	/works/OL74504W	55	44	use_with_warning_short_title	short_title_len_le_2|canonical_preserved	387	2	Q152267	year_discrepancy; openalex:use_with_warning_short_title		1	1	0	0	/works/OL74504W	40.0	22.0	5.0	10.0	2.0	1.0	0.6923076923076923	38.07692307692307	38.07692307692307	/works/OL74504W	117038	3149	UNIQUE	117038	short_or_general_title
Looking Backward	Edward Bellamy	1887	Looking backward	Bellamy, Edward	1941	/works/OL18814811W	106	76	use_with_warning_short_title	short_title_len_le_2|canonical_preserved	1	0	Q1305106	author_variant_or_source_error; year_discrepancy; openalex:use_with_warning_short_title		24	16	7	1	/works/OL18814811W	40.0	25.0	3.0	6.0	5.0	1.0	0.717948717948718	76.1025641025641	76.1025641025641	/works/OL18814811W	0	0	NO_MATCH_AUTH	0	short_or_general_title
Java Head	Joseph Hergesheimer	1919	Java Head	Joseph Hergesheimer	1918	/works/OL4902750W	1	0	use_with_warning_short_title	short_title_len_le_2|ta_without_lit_terms|canonical_preserved	27	2	Q107000085	year_discrepancy; openalex:use_with_warning_short_title		0	0	0	0	/works/OL4902750W	1.0	1.0	0.0	0.0	0.0	0.0	1.0	1.0	1.0	/works/OL4902750W	15	4	UNIQUE	15	short_or_general_title
The House of Mirth	Edith Wharton	1905	The house of mirth	Edith Wharton	1906	/works/OL42236259W	218	171	use_title_author	canonical_preserved	1	1		year_discrepancy; wikidata_unresolved		60	60	0	0	/works/OL42236259W	40.0	29.0	1.0	5.0	4.0	1.0	0.7692307692307693	167.6923076923077	167.6923076923077	/works/OL42236259W	68754	3561	UNIQUE	68754	
Three Lives	Gertrude Stein	1909	Three Lives	Gertrude Stein	1909	/works/OL35383W	50	33	use_with_warning_short_title	short_title_len_le_2|canonical_preserved	149	1	Q7797597	openalex:use_with_warning_short_title		8	6	1	1	/works/OL35383W	40.0	30.0	2.0	4.0	3.0	1.0	0.8205128205128205	41.02564102564102	41.02564102564102	/works/OL35383W	2853	255	YEAR_AUTH	2853	short_or_general_title
The Picture of Dorian Gray	Oscar Wilde	1890	The Picture of Dorian Gray	Oscar Wilde	1890	/works/OL8193416W	504	377	use_title_author	canonical_preserved	3012	2	Q82464			34	34	0	0	/works/OL8193416W	40.0	30.0	3.0	3.0	0.0	4.0	0.9166666666666666	462.0	462.0	/works/OL8193416W	694769	20302	RATINGS_MAX	694769	
Hearts courageous	Hallie Rives	1902	Hearts courageous	Rives, Hallie Erminie	1902	/works/OL1799163W	0	0	zero_title_author	short_title_len_le_2|canonical_preserved	2	5		author_variant_or_source_error; openalex:zero_title_author; wikidata_unresolved		3	3	0	0		0.0	0.0	0.0	0.0	0.0	0.0		0.0	0.0	/works/OL1799163W	0	0	NO_MATCH	0	short_or_general_title
Lady Chatterley's Lover	D. H. Lawrence	1928	Lady Chatterley's lover	Lawrence, D. H.	1946	/works/OL43405505W	287	218	use_title_author	canonical_preserved	2	1		author_variant_or_source_error; year_discrepancy; wikidata_unresolved		32	32	0	0	/works/OL43405505W	40.0	36.0	0.0	1.0	2.0	1.0	0.9230769230769232	264.92307692307696	264.92307692307696	/works/OL43405505W	77768	3876	UNIQUE	77768	
Robert Elsmere	Mrs. Humphry Ward	1888	Robert Elsmere	Humphry Ward	1888	/works/OL41540816W	28	20	use_with_warning_risky_author	observed_risky_author_last:ward|short_title_len_le_2|canonical_preserved	2	20	Q7344052	author_variant_or_source_error; openalex:use_with_warning_risky_author		4	4	0	0	/works/OL41540816W	28.0	16.0	2.0	5.0	3.0	2.0	0.6923076923076923	19.384615384615383	19.384615384615383	/works/OL41540816W	36	7	UNIQUE	36	short_or_general_title
Alas	Rhoda Broughton	1890	Alas!	Rhoda Broughton	1890	/works/OL1487721W	1	1	use_with_warning_short_title	short_title_len_le_2|huge_phrase_with_author_check_needed|canonical_preserved	3	11		openalex:use_with_warning_short_title; wikidata_unresolved		75	2	16	57	/works/OL1487721W	1.0	0.0	0.0	0.0	1.0	0.0	0.0	0.0	0.0	/works/OL1487721W	0	0	NO_MATCH	0	short_or_general_title
As I Lay Dying	William Faulkner	1930	As I Lay Dying	William Faulkner	1915	/works/OL82929W	285	206	use_title_author	canonical_preserved	62	1	Q1544119	year_discrepancy		72	71	1	0	/works/OL82929W	40.0	28.0	2.0	6.0	3.0	1.0	0.7692307692307693	219.23076923076923	219.23076923076923	/works/OL82929W	112656	5659	YEAR_AUTH	112656	
Stepsons Of Light	Eugene Manlove Rhodes	1921	Stepsons of light	Eugene Manlove Rhodes	1921	/works/OL2107271W	0	0	zero_title_author	canonical_preserved	5	3		openalex:zero_title_author; wikidata_unresolved		0	0	0	0		0.0	0.0	0.0	0.0	0.0	0.0		0.0	0.0	/works/OL2107271W	0	0	NO_MATCH_AUTH	0	
The Good Soldier	Ford Maddox Ford	1915	The Good Soldier	Ford Madox Ford	1930	/works/OL509889W	125	108	use_with_warning_risky_author	observed_risky_author_last:ford|canonical_preserved	355	2		author_variant_or_source_error; year_discrepancy; openalex:use_with_warning_risky_author; wikidata_unresolved		74	72	0	2	/works/OL509889W	40.0	21.0	3.0	13.0	2.0	1.0	0.6153846153846154	76.92307692307693	76.92307692307693	/works/OL509889W	18106	1195	MANUAL_FIX	18106	
The Heavenly Twins	Sarah Grand	1893	The Heavenly Twins	Sarah Grand	1893	/works/OL4315764W	32	26	use_title_author	canonical_preserved	17	1		wikidata_unresolved		6	6	0	0	/works/OL4315764W	32.0	18.0	0.0	9.0	2.0	3.0	0.6206896551724138	19.86206896551724	19.86206896551724	/works/OL4315764W	133	12	UNIQUE	133	
The Call of the Wild	Jack London	1903	The Call of the Wild	Jack London	1903	/works/OL14942956W	143	122	use_title_author	canonical_preserved	1699	1	Q476871			5	4	1	0	/works/OL14942956W	40.0	26.0	1.0	9.0	1.0	3.0	0.7297297297297297	104.35135135135135	104.35135135135135	/works/OL14942956W	254249	7002	RATINGS_MAX	254249	
Grand Babylon Hotel	Arnold Bennett	1902	The Grand Babylon Hotel	Bennett, Arnold	1902	/works/OL109153W	1	0	use_title_author	ta_without_lit_terms|canonical_preserved	75	3	Q7737468	title_variant; author_variant_or_source_error		0	0	0	0	/works/OL109153W	1.0	0.0	0.0	1.0	0.0	0.0	0.0	0.0	0.0	/works/OL109153W	439	57	UNIQUE	439	
Three Soldiers	John Dos Passos	1921	Three soldiers	John Dos Passos	1921	/works/OL1217993W	31	26	use_with_warning_short_title	short_title_len_le_2|canonical_preserved	19	3	Q7797826	openalex:use_with_warning_short_title		2	2	0	0	/works/OL1217993W	31.0	19.0	2.0	6.0	2.0	2.0	0.7241379310344828	22.448275862068964	22.448275862068964	/works/OL1217993W	842	90	UNIQUE	842	short_or_general_title
Marrow of Tradition	Mary Chesnutt	1901	The marrow of tradition	Charles Waddell Chesnutt	1901	/works/OL112798W	54	49	use_title_author	canonical_preserved	144	5		title_variant; author_variant_or_source_error; wikidata_unresolved	The source list records Mary Chesnutt; the matched work metadata identifies Charles Waddell Chesnutt.	17	17	0	0	/works/OL112798W	40.0	21.0	4.0	5.0	6.0	4.0	0.6944444444444444	37.5	37.5	/works/OL112798W	2002	127	UNIQUE	2002	
At Fault	Kate Chopin	1890	At Fault	Kate Chopin	1890	/works/OL65437W	13	10	use_with_warning_short_title	short_title_len_le_2|canonical_preserved	127	2	Q131573518	openalex:use_with_warning_short_title		1	1	0	0	/works/OL65437W	13.0	7.0	3.0	2.0	1.0	0.0	0.7692307692307693	10.0	10.0	/works/OL65437W	242	36	UNIQUE	242	short_or_general_title
The Shadow-Line	Joseph Conrad	1921	The shadow-line	Conrad, Joseph	1917	/works/OL38827W	71	60	use_title_author	canonical_preserved	147	3		author_variant_or_source_error; year_discrepancy; wikidata_unresolved		15	15	0	0	/works/OL38827W	40.0	25.0	1.0	13.0	0.0	1.0	0.6666666666666666	47.33333333333333	47.33333333333333	/works/OL38827W	2752	172	UNIQUE	2752	short_or_general_title
The Moon and Sixpence	W Somerset Maugham	1919	The moon and sixpence	W. Somerset Maugham	1919	/works/OL505740W	41	30	use_title_author	canonical_preserved	397	2		wikidata_unresolved		1	1	0	0	/works/OL505740W	40.0	32.0	0.0	4.0	3.0	1.0	0.8205128205128205	33.64102564102564	33.64102564102564	/works/OL505740W	13440	851	UNIQUE	13440	
Kim	Rudyard Kipling	1900	Kim	Kipling, Rudyard	1901	/works/OL20172W	218	171	use_with_warning_short_title	short_title_len_le_2|huge_phrase_with_author_check_needed|canonical_preserved	65	1	Q19086249	author_variant_or_source_error; year_discrepancy; openalex:use_with_warning_short_title		93	21	5	67	/works/OL20172W	40.0	27.0	2.0	6.0	2.0	3.0	0.7837837837837838	170.86486486486487	170.86486486486487	/works/OL20172W	27404	1393	YEAR_AUTH	27404	short_or_general_title|known_jstor_ambiguous_title
The Custom of the Country	Edith Wharton	1913	The Custom of the Country	Edith Wharton	1900	/works/OL98585W	65	51	use_title_author	canonical_preserved	61	1	Q7728505	year_discrepancy		22	21	1	0	/works/OL98585W	40.0	30.0	2.0	2.0	1.0	5.0	0.9142857142857144	59.42857142857142	59.42857142857142	/works/OL98585W	7821	730	UNIQUE	7821	
The Beautiful and the Damned	F Scott Fitzgerald	1922	The Beautiful and Damned	F. Scott Fitzgerald	1920	/works/OL468362W	52	46	use_title_author	canonical_preserved	495	1	Q2531205	title_variant; year_discrepancy		4	4	0	0	/works/OL468362W	40.0	25.0	2.0	7.0	3.0	3.0	0.7297297297297297	37.94594594594594	37.94594594594594	/works/OL468362W	34554	2119	YEAR_AUTH	34554	
The Financier	Theodore Dreiser	1912	The Financier	Theodore Dreiser	1912	/works/OL100237W	35	29	use_with_warning_short_title	short_title_len_le_2|canonical_preserved	352	1	Q577607	openalex:use_with_warning_short_title		6	6	0	0	/works/OL100237W	35.0	25.0	1.0	5.0	3.0	1.0	0.7647058823529411	26.76470588235294	26.76470588235294	/works/OL100237W	3486	134	UNIQUE	3486	short_or_general_title
Parades End	Ford Maddox Ford	1924	Parade's End	Ford Madox Ford	1950	/works/OL509919W	102	84	use_with_warning_risky_author	observed_risky_author_last:ford|canonical_preserved	24	2		title_variant; author_variant_or_source_error; year_discrepancy; openalex:use_with_warning_risky_author; wikidata_unresolved	Title punctuation and author spelling vary; the two year fields are retained separately.	30	30	0	0	/works/OL509919W	40.0	18.0	5.0	15.0	1.0	1.0	0.5897435897435898	60.15384615384615	60.15384615384615	/works/OL509919W	4661	413	UNIQUE	4661	short_or_general_title
King Coal	Upton Sinclair	1917	King Coal	Upton Sinclair	1905	/works/OL115067W	6	5	use_with_warning_short_title	short_title_len_le_2|canonical_preserved	86	2	Q16386559	year_discrepancy; openalex:use_with_warning_short_title		0	0	0	0	/works/OL115067W	6.0	2.0	1.0	3.0	0.0	0.0	0.5	3.0	3.0	/works/OL115067W	407	32	UNIQUE	407	short_or_general_title
Dracula	Bram Stoker	1897	Dracula	Bram Stoker	1922	/works/OL85892W	774	561	use_with_warning_short_title	short_title_len_le_2|canonical_preserved	736	1		year_discrepancy; openalex:use_with_warning_short_title; wikidata_unresolved		119	110	6	3	/works/OL85892W	40.0	22.0	2.0	13.0	3.0	0.0	0.6	464.4	464.4	/works/OL85892W	711064	18011	MANUAL_FIX	711064	short_or_general_title
The Crock of Gold	Stephens James	1913	The Crock of Gold	Stephens, James	1912	/works/OL1154817W	3	0	use_title_author	ta_without_lit_terms|canonical_preserved	155	1	Q7728134	year_discrepancy	Author-name order is normalized; the source-list year and Open Library record year differ.	1	1	0	0	/works/OL1154817W	3.0	1.0	2.0	0.0	0.0	0.0	1.0	3.0	3.0	/works/OL1154817W	490	69	YEAR_AUTH	490	
The Pit	Frank Norris	1903	The Pit	Frank Norris	1903	/works/OL1794919W	21	17	use_with_warning_short_title	observed_generic_short_title|short_title_len_le_2|canonical_preserved	291	1	Q7757284	openalex:use_with_warning_short_title		49	4	20	25	/works/OL1794919W	21.0	12.0	2.0	3.0	3.0	1.0	0.7	14.7	14.7	/works/OL1794919W	286	42	YEAR_AUTH	286	short_or_general_title|known_jstor_ambiguous_title
Megda	Emma Kelley	1891	Megda	Emma Dunham Kelley	1891	/works/OL4971729W	3	3	use_with_warning_short_title	short_title_len_le_2|canonical_preserved	6	1		author_variant_or_source_error; openalex:use_with_warning_short_title; wikidata_unresolved		0	0	0	0	/works/OL4971729W	3.0	0.0	0.0	1.0	1.0	1.0	0.0	0.0	0.0	/works/OL4971729W	0	0	NO_MATCH	0	short_or_general_title
Strange Case of Dr Jekyll and Mr Hyde	Robert Louis Stevenson	1886	Strange case of Dr. Jekyll and Mr. Hyde	Robert Louis Stevenson	1886	/works/OL44014215W	196	153	use_title_author	canonical_preserved	1	2	Q217352			10	10	0	0	/works/OL44014215W	40.0	28.0	2.0	5.0	3.0	2.0	0.7894736842105263	154.73684210526315	154.73684210526315	/works/OL44014215W	268131	8340	RATINGS_MAX	268131	
The Jungle Book	Rudyard Kipling	1894	The Jungle Book	Kipling, Rudyard	1893	/works/OL19870W	83	61	use_title_author	canonical_preserved	538	21	Q189509	author_variant_or_source_error; year_discrepancy		1	0	0	1	/works/OL19870W	40.0	18.0	4.0	16.0	1.0	1.0	0.5641025641025641	46.82051282051282	46.82051282051282	/works/OL19870W	83283	2443	RATINGS_MAX	83283	
The Yearling	Marjorie Kinman Rawlings	1938	The Yearling	Marjorie Kinnan Rawlings	1938	/works/OL111382W	14	12	use_with_warning_short_title	short_title_len_le_2|canonical_preserved	65	1	Q429806	author_variant_or_source_error; openalex:use_with_warning_short_title	The source list appears to spell Kinnan as Kinman.	2	2	0	0	/works/OL111382W	14.0	3.0	4.0	4.0	2.0	1.0	0.5384615384615384	7.538461538461538	7.538461538461538	/works/OL111382W	23079	883	UNIQUE	23079	short_or_general_title
A Room with a View	E. M. Forster	1908	A Room with a View	E. M. Forster	1905	/works/OL88813W	85	60	use_title_author	canonical_preserved	692	1	Q120288	year_discrepancy		10	8	2	0	/works/OL88813W	40.0	31.0	0.0	5.0	3.0	1.0	0.7948717948717948	67.56410256410255	67.56410256410255	/works/OL88813W	123549	4091	YEAR_AUTH	123549	
For Whom the Bell Tolls	Ernest Hemingway	1949	For Whom the Bell Tolls	Ernest Hemingway	1940	/works/OL63009W	249	157	use_title_author	canonical_preserved	182	1	Q200920	year_discrepancy		17	17	0	0	/works/OL63009W	40.0	29.0	3.0	6.0	1.0	1.0	0.8205128205128205	204.3076923076923	204.3076923076923	/works/OL63009W	209824	4798	UNIQUE	209824	
The Frontiersman	Mary Noailles Murfree	1904	The Frontiersmen	Charles Egbert Craddock	1904	/works/OL2337481W	0	0	zero_title_author	short_title_len_le_2|canonical_preserved	9	5		title_variant; author_variant_or_source_error; openalex:zero_title_author; wikidata_unresolved	Mary Noailles Murfree published as Charles Egbert Craddock; the title also varies between singular and plural.	0	0	0	0		0.0	0.0	0.0	0.0	0.0	0.0		0.0	0.0	/works/OL2337481W	0	0	NO_MATCH_AUTH	0	short_or_general_title
Mrs. Dalloway	Virginia Woolf	1925	Mrs. Dalloway	Virginia Woolf	1925	/works/OL39349W	740	576	use_with_warning_short_title	short_title_len_le_2|canonical_preserved	476	4	Q752584	openalex:use_with_warning_short_title		84	83	0	1	/works/OL39349W	40.0	32.0	2.0	2.0	4.0	0.0	0.85	629.0	629.0	/works/OL39349W	163735	6587	UNIQUE	163735	short_or_general_title
Tender Is The Night	F Scott Fitzgerald	1934	Tender is the Night	F. Scott Fitzgerald	1933	/works/OL468485W	185	138	use_title_author	canonical_preserved	312	1	Q247372	year_discrepancy		31	31	0	0	/works/OL468485W	40.0	29.0	2.0	7.0	1.0	1.0	0.7948717948717948	147.05128205128204	147.05128205128204	/works/OL468485W	89091	3732	UNIQUE	89091	
To the Lighthouse	Virginia Woolf	1927	To the Lighthouse	Virginia Woolf	1927	/works/OL39396W	634	507	use_title_author	canonical_preserved	521	2	Q478016			64	62	2	0	/works/OL39396W	40.0	27.0	1.0	4.0	4.0	4.0	0.7777777777777778	493.1111111111112	493.1111111111112	/works/OL39396W	97741	4946	UNIQUE	97741	
The Awakening	Kate Chopin	1899	The Awakening	Kate Chopin	1899	/works/OL65430W	411	295	use_with_warning_short_title	short_title_len_le_2|canonical_preserved	346	2	Q1567505	openalex:use_with_warning_short_title		76	56	9	11	/works/OL65430W	40.0	33.0	1.0	3.0	2.0	1.0	0.8717948717948718	358.3076923076923	358.3076923076923	/works/OL65430W	140316	5812	YEAR_AUTH	140316	short_or_general_title|known_jstor_ambiguous_title
The Jungle	Upton Sinclair	1906	The jungle	Upton Sinclair	1906	/works/OL44622934W	104	72	use_with_warning_short_title	short_title_len_le_2|canonical_preserved	1	11		openalex:use_with_warning_short_title; wikidata_unresolved		53	8	12	33	/works/OL44622934W	40.0	21.0	9.0	8.0	0.0	2.0	0.7894736842105263	82.10526315789474	82.10526315789474	/works/OL44622934W	111017	4820	YEAR_AUTH	111017	short_or_general_title|known_jstor_ambiguous_title
Peter Pan	J. M. Barrie	1911	Peter Pan	J. M. Barrie	1911	/works/OL462007W	241	139	use_with_warning_short_title	short_title_len_le_2|canonical_preserved	441	1	Q3435337	openalex:use_with_warning_short_title		12	4	4	4	/works/OL462007W	40.0	24.0	0.0	13.0	1.0	2.0	0.631578947368421	152.21052631578945	152.21052631578945	/works/OL462007W	201220	7710	RATINGS_MAX	201220	short_or_general_title
Pembroke	Mary Wilkins Freeman	1894	Pembroke	Mary Eleanor Wilkins Freeman	1894	/works/OL507321W	9	4	use_with_warning_short_title	short_title_len_le_2|canonical_preserved	31	4	Q7161943	author_variant_or_source_error; openalex:use_with_warning_short_title		29	1	2	26	/works/OL507321W	9.0	3.0	0.0	3.0	3.0	0.0	0.3333333333333333	3.0	3.0	/works/OL507321W	37	5	UNIQUE	37	short_or_general_title
Orlando	Virginia Woolf	1928	Orlando	Virginia Woolf	1928	/works/OL39360W	431	306	use_with_warning_short_title	short_title_len_le_2|huge_phrase_with_author_check_needed|canonical_preserved	452	3	Q1629456	openalex:use_with_warning_short_title		224	59	10	155	/works/OL39360W	40.0	25.0	2.0	5.0	3.0	5.0	0.7714285714285715	332.4857142857143	332.4857142857143	/works/OL39360W	40451	2300	UNIQUE	40451	short_or_general_title|known_jstor_ambiguous_title
The Genius	Theodore Dreiser	1915	"The ""genius"""	Theodore Dreiser	1915	/works/OL100196W	21	19	use_with_warning_short_title	short_title_len_le_2|canonical_preserved	164	2		openalex:use_with_warning_short_title; wikidata_unresolved		59	4	6	49	/works/OL100196W	21.0	11.0	1.0	2.0	5.0	2.0	0.631578947368421	13.26315789473684	13.26315789473684	/works/OL100196W	0	0	NO_MATCH_AUTH	0	short_or_general_title|known_jstor_ambiguous_title
Sister Carrie	Theodore Dreiser	1900	Sister Carrie	Theodore Dreiser	1900	/works/OL100203W	254	200	use_with_warning_short_title	short_title_len_le_2|canonical_preserved	463	13	Q1286961	openalex:use_with_warning_short_title		43	43	0	0	/works/OL100203W	40.0	26.0	1.0	10.0	1.0	2.0	0.7105263157894737	180.4736842105263	180.4736842105263	/works/OL100203W	31105	1195	YEAR_AUTH	31105	short_or_general_title
The Border Legion	Zane Grey	1916	The border legion	Zane Grey	1916	/works/OL485410W	2	1	use_title_author	canonical_preserved	302	2		wikidata_unresolved		0	0	0	0	/works/OL485410W	2.0	1.0	1.0	0.0	0.0	0.0	1.0	2.0	2.0	/works/OL485410W	497	31	UNIQUE	497	
The North Star	Margaret Ellen Henry-Ruffin	1904	The North Star	M. E. Henry-Ruffin	1904	/works/OL18397742W	0	0	zero_title_author	canonical_preserved	1	0		author_variant_or_source_error; openalex:zero_title_author; wikidata_unresolved	The full author name and initials refer to the same author.	7	0	7	0		0.0	0.0	0.0	0.0	0.0	0.0		0.0	0.0	/works/OL18397742W	125	12	RATINGS_MAX	125	
