author_key	work_count
OL1001635A	1
OL10018109A	1
OL1001882A	1
OL1002612A	1
OL10027662A	1
OL1004630A	1
OL1005396A	1
OL1006075A	2
OL10087675A	1
OL1010397A	1
OL1010980A	1
OL10126989A	1
OL10130150A	1
OL1013029A	1
OL10147917A	1
OL10149651A	1
OL10184015A	1
OL10226233A	1
OL10240A	9
OL10287926A	1
OL10306172A	1
OL10306216A	1
OL10306291A	1
OL10306451A	1
OL10311369A	1
OL1034117A	1
OL10345300A	2
OL10354233A	2
OL1036325A	1
OL1036345A	1
OL1036952A	1
OL1037722A	1
OL1041617A	1
OL1043740A	1
OL10443087A	1
OL1046213A	2
OL1049393A	2
OL1049850A	1
OL10508283A	1
OL1050930A	4
OL1051348A	1
OL10521381A	1
OL105306A	1
OL1053294A	1
OL10537782A	1
OL10537783A	2
OL10546352A	1
OL1055237A	2
OL10565676A	1
OL10572934A	1
OL10572935A	1
OL1057958A	6
OL10600724A	1
OL10604823A	1
OL10605530A	1
OL10614017A	1
OL10660660A	1
OL10673573A	1
OL107138A	1
OL1073155A	1
OL10733810A	1
OL10736946A	1
OL1074222A	2
OL1074728A	1
OL1076999A	3
OL107877A	2
OL10788427A	1
OL107911A	6
OL108017A	2
OL108022A	6
OL1080857A	1
OL1082324A	2
OL10829917A	1
OL10844193A	1
OL10844194A	1
OL108452A	1
OL10869177A	2
OL10869695A	1
OL1088118A	1
OL10881575A	1
OL10888029A	1
OL10912398A	1
OL1096827A	1
OL10968A	4
OL1097266A	8
OL1098429A	1
OL1099961A	1
OL11045853A	1
OL1105629A	4
OL110720A	1
OL11138766A	1
OL11174200A	1
OL1122052A	3
OL1123475A	1
OL1123886A	1
OL1125093A	1
OL1126014A	1
OL1127001A	1
OL1127193A	1
OL1127231A	9
OL11275419A	1
OL112761A	1
OL112763A	1
OL112965A	1
OL112971A	4
OL1130282A	1
OL1130328A	2
OL113271A	10
OL11334217A	1
OL113362A	2
OL113438A	1
OL11347256A	1
OL11350761A	1
OL1135387A	1
OL113574A	6
OL11358104A	1
OL113611A	10
OL113828A	1
OL113831A	6
OL113867A	1
OL1138857A	1
OL113923A	1
OL113959A	1
OL114007A	1
OL114035A	1
OL114093A	1
OL114139A	3
OL1141800A	1
OL1143022A	1
OL114355A	2
OL11436451A	1
OL11440261A	1
OL114410A	1
OL114411A	1
OL114413A	1
OL11445342A	1
OL11452057A	1
OL11463649A	1
OL11467733A	1
OL11467868A	1
OL11501283A	1
OL1151228A	1
OL115231A	16
OL11528567A	1
OL11529351A	1
OL11537601A	1
OL115388A	10
OL11545772A	1
OL11551096A	2
OL115550A	1
OL11555212A	1
OL1155711A	7
OL11557647A	1
OL1156265A	1
OL115794A	2
OL11583609A	1
OL115895A	4
OL116017A	2
OL1161315A	1
OL116161A	1
OL116256A	1
OL116284A	1
OL1163700A	9
OL116405A	1
OL116544A	1
OL116645A	15
OL1168432A	1
OL117166A	2
OL117225A	3
OL117245A	1
OL1173056A	1
OL117350A	1
OL1173641A	1
OL117443A	1
OL117592A	4
OL117615A	1
OL117687A	6
OL117691A	1
OL117830A	1
OL117832A	2
OL11783714A	1
OL117936A	1
OL117938A	1
OL117A	4
OL118077A	7
OL11809381A	1
OL118139A	1
OL1181455A	2
OL1181471A	1
OL1181660A	1
OL1181672A	1
OL1181925A	1
OL118514A	1
OL118734A	12
OL1189026A	3
OL118929A	4
OL119019A	1
OL1190277A	1
OL119096A	1
OL119416A	5
OL1195114A	1
OL1195237A	1
OL1195429A	1
OL11961050A	1
OL119715A	9
OL119737A	6
OL1197683A	1
OL1199434A	1
OL120118A	1
OL120151A	1
OL120197A	1
OL120205A	8
OL1203442A	1
OL120346A	1
OL120498A	1
OL1205617A	1
OL1206311A	1
OL1206709A	1
OL120803A	10
OL1208155A	1
OL120927A	1
OL120957A	2
OL12101716A	2
OL121249A	2
OL121323A	4
OL121432A	1
OL121699A	1
OL121760A	1
OL121846A	7
OL1219541A	1
OL1219913A	1
OL12199714A	1
OL122037A	1
OL122114A	1
OL122169A	7
OL1221883A	1
OL122269A	1
OL12231776A	1
OL122610A	1
OL12267574A	1
OL122737A	1
OL12296721A	1
OL123122A	5
OL123123A	2
OL12329849A	1
OL123298A	3
OL12330317A	1
OL12332082A	1
OL1234731A	3
OL1236078A	1
OL1238361A	1
OL1238430A	1
OL12392137A	1
OL12397103A	5
OL123987A	1
OL1240736A	1
OL124130A	1
OL124171A	3
OL1242256A	1
OL124284A	1
OL124559A	1
OL124895A	1
OL12490069A	1
OL124945A	2
OL124948A	1
OL124990A	2
OL12500372A	1
OL12501520A	1
OL12506623A	1
OL12513862A	1
OL12526479A	1
OL125391A	42
OL12540483A	1
OL12540536A	1
OL12540649A	1
OL12544755A	1
OL12550140A	1
OL12551935A	1
OL12551936A	1
OL12552719A	1
OL12561091A	1
OL12564902A	1
OL12564903A	1
OL1256608A	1
OL1256632A	1
OL125711A	1
OL125835A	1
OL12583619A	1
OL12593830A	1
OL126038A	4
OL126173A	1
OL126252A	1
OL126332A	3
OL12645568A	1
OL126467A	2
OL126562A	16
OL12665130A	1
OL12665131A	1
OL126749A	1
OL12696098A	1
OL12696099A	1
OL126969A	4
OL12697695A	1
OL12697696A	1
OL127193A	2
OL127321A	1
OL127400A	1
OL12789159A	1
OL127932A	2
OL12795382A	1
OL12802716A	1
OL128744A	1
OL12901631A	1
OL129096A	1
OL129171A	3
OL1295821A	1
OL1296523A	2
OL129758A	3
OL12987021A	1
OL12987999A	1
OL129894A	1
OL12996111A	1
OL13002404A	1
OL1300693A	1
OL130236A	6
OL13066A	41
OL13075856A	1
OL13079680A	1
OL1314365A	3
OL13192A	2
OL1319733A	1
OL1320309A	4
OL1321221A	1
OL132972A	1
OL13350839A	2
OL133731A	1
OL133863A	3
OL133924A	1
OL1340154A	1
OL134323A	1
OL134455A	3
OL1345303A	1
OL1345636A	7
OL13473336A	1
OL13501612A	1
OL13502934A	1
OL1351256A	1
OL135127A	3
OL135291A	1
OL13540392A	1
OL13540393A	1
OL135531A	2
OL1356209A	1
OL1358245A	1
OL13597882A	1
OL13608013A	1
OL13618016A	1
OL136197A	52
OL13627616A	1
OL136299A	1
OL13640A	13
OL136546A	2
OL13657204A	1
OL13663140A	1
OL1367436A	2
OL13693378A	1
OL1370160A	1
OL137095A	1
OL137147A	1
OL137459A	5
OL137680A	2
OL137845A	1
OL137948A	1
OL138047A	1
OL138059A	2
OL1385200A	1
OL1385427A	1
OL1385504A	2
OL1386012A	2
OL1388005A	1
OL1388128A	1
OL1389835A	1
OL139074A	1
OL1391136A	3
OL1391432A	8
OL1391983A	1
OL139251A	1
OL1393239A	6
OL139769A	3
OL1401732A	1
OL140903A	1
OL14090744A	1
OL1411143A	2
OL14114A	1
OL1412233A	1
OL141473A	1
OL14157861A	1
OL141618A	5
OL14166604A	1
OL141965A	3
OL142156A	1
OL142404A	5
OL14242711A	1
OL14285515A	1
OL1431237A	2
OL1432532A	1
OL14337818A	1
OL1433830A	2
OL1434353A	1
OL1434486A	1
OL14401463A	1
OL14405019A	1
OL14419153A	1
OL144345A	4
OL14448211A	1
OL14460104A	1
OL14482752A	1
OL14501846A	1
OL1450773A	1
OL14511829A	1
OL1451761A	1
OL1452096A	3
OL1452170A	1
OL145748A	1
OL145860A	1
OL1458902A	5
OL1460816A	1
OL146200A	1
OL14647516A	1
OL146605A	43
OL1472833A	1
OL1475076A	5
OL1475610A	1
OL1478510A	1
OL1478737A	5
OL1478967A	1
OL1479003A	1
OL1479386A	1
OL1480011A	1
OL1482457A	1
OL148769A	1
OL149830A	2
OL150264A	1
OL150312A	2
OL150942A	1
OL1509731A	1
OL151016A	3
OL151749A	1
OL151775A	1
OL1520613A	1
OL1520975A	1
OL1521335A	1
OL1522965A	1
OL152307A	8
OL152441A	2
OL15264001A	1
OL15278940A	1
OL152794A	1
OL15305154A	1
OL15317023A	1
OL15320071A	1
OL153336A	1
OL153463A	3
OL15366369A	1
OL15377595A	1
OL154163A	1
OL15420710A	1
OL15432707A	1
OL15484913A	1
OL1549954A	1
OL1550974A	1
OL1553131A	2
OL15553295A	1
OL155650A	1
OL15698A	3
OL157251A	1
OL157323A	4
OL15745937A	1
OL15863855A	1
OL158906A	1
OL158938A	8
OL159292A	1
OL159349A	1
OL159362A	2
OL159397A	1
OL1596095A	1
OL159722A	2
OL1602527A	1
OL160356A	2
OL1603793A	4
OL1603888A	1
OL160435A	1
OL160588A	1
OL1606330A	1
OL160777A	5
OL160822A	1
OL160910A	1
OL160918A	4
OL1609306A	1
OL160959A	1
OL161160A	23
OL161167A	49
OL161177A	1
OL161278A	1
OL161324A	2
OL16137761A	1
OL161448A	1
OL161483A	1
OL161522A	1
OL161946A	1
OL161973A	1
OL162026A	17
OL162057A	13
OL162098A	1
OL162099A	5
OL162260A	4
OL1637A	2
OL164418A	1
OL165068A	1
OL1652971A	1
OL1653139A	1
OL1654215A	1
OL1654938A	1
OL1656392A	1
OL1657287A	3
OL1658996A	2
OL1664498A	2
OL1670901A	1
OL16933A	1
OL1693654A	2
OL169398A	1
OL16944A	1
OL1699565A	1
OL170489A	1
OL170638A	1
OL1706751A	9
OL173760A	2
OL1744917A	1
OL1745911A	1
OL1755393A	1
OL1756370A	1
OL1758190A	1
OL1759742A	1
OL1766758A	11
OL1767891A	1
OL1770058A	2
OL1770A	5
OL177106A	1
OL1773791A	1
OL177573A	1
OL178062A	2
OL1794738A	1
OL1795A	1
OL17969A	2
OL1800686A	1
OL1803830A	1
OL180430A	1
OL18053A	10
OL18065A	5
OL180670A	1
OL1808733A	1
OL18092A	1
OL1810465A	1
OL1810794A	1
OL1811398A	1
OL18113A	1
OL181680A	1
OL1820826A	1
OL1821506A	1
OL1822462A	1
OL1822558A	1
OL18236A	1
OL18271A	1
OL18277A	8
OL18283A	3
OL183045A	1
OL18319A	38
OL1834084A	1
OL18365A	1
OL183694A	1
OL18374A	2
OL18394A	1
OL18405A	1
OL18524A	18
OL18528A	27
OL18539A	1
OL185757A	1
OL1867587A	1
OL187190A	1
OL1872302A	4
OL188320A	1
OL18928A	3
OL18973A	1
OL18977A	2
OL18979A	1
OL1900249A	3
OL190100A	1
OL19013A	1
OL19024A	25
OL19066A	1
OL19074A	1
OL19091A	1
OL1909570A	1
OL1910964A	1
OL191519A	2
OL1915327A	2
OL191538A	1
OL19164A	33
OL1916845A	1
OL1917365A	1
OL1917858A	1
OL1921722A	1
OL19258A	1
OL1925998A	1
OL1926970A	1
OL19277A	1
OL19283A	17
OL193022A	5
OL1932309A	1
OL194404A	1
OL19441A	29
OL19447A	1
OL19450A	12
OL19464A	3
OL19482A	5
OL19493A	14
OL19499A	6
OL19512A	1
OL195150A	1
OL19515A	1
OL1957827A	1
OL19603A	19
OL1960944A	1
OL1962952A	1
OL1964240A	4
OL1967605A	1
OL19676A	1
OL19677A	37
OL1968582A	1
OL19690A	2
OL19697A	1
OL197120A	8
OL19725A	3
OL19728A	2
OL197515A	16
OL19767A	9
OL19804A	1
OL19826A	1
OL1982733A	1
OL198302A	1
OL19887A	1
OL19905A	1
OL199477A	1
OL1996284A	1
OL19964A	21
OL19981A	4
OL2001023A	1
OL200403A	4
OL2006357A	1
OL2007361A	1
OL200810A	1
OL20157A	1
OL2018224A	1
OL20187A	1
OL20188A	27
OL20216A	1
OL202406A	1
OL20243A	15
OL20246A	3
OL2029144A	1
OL2029529A	1
OL203016A	2
OL2035417A	1
OL20371A	3
OL20510A	4
OL20519A	4
OL20520A	8
OL2055261A	1
OL20585A	3
OL20646A	22
OL20651A	2
OL20687A	1
OL2074201A	3
OL2074323A	2
OL2080245A	1
OL208306A	1
OL2089021A	1
OL2089100A	1
OL20903A	4
OL20919A	4
OL20922A	20
OL209280A	4
OL20928A	5
OL2095290A	1
OL20994A	1
OL21001A	34
OL21003A	8
OL2101175A	19
OL2101371A	1
OL2101770A	2
OL2103009A	1
OL2103656A	1
OL21051A	1
OL21093A	13
OL21095A	6
OL2120425A	1
OL21207A	2
OL21218A	26
OL21219A	25
OL21241A	1
OL21250A	1
OL21256A	2
OL21305A	1
OL2132331A	1
OL2141558A	1
OL2143168A	1
OL2143631A	1
OL2144159A	1
OL2144327A	1
OL2146415A	1
OL21491A	2
OL215610A	13
OL215676A	1
OL215689A	57
OL21569A	2
OL215710A	1
OL215713A	6
OL215729A	1
OL215730A	3
OL215741A	2
OL215743A	7
OL215774A	1
OL215786A	2
OL215791A	7
OL215808A	8
OL215819A	5
OL215831A	2
OL215841A	4
OL215842A	2
OL215843A	5
OL215860A	1
OL215909A	2
OL2159140A	1
OL215919A	7
OL215921A	2
OL215934A	2
OL21594A	5
OL215957A	1
OL2159828A	1
OL216004A	1
OL216025A	3
OL216064A	1
OL216130A	1
OL216536A	1
OL2166770A	3
OL216755A	1
OL2179534A	1
OL2180760A	2
OL218190A	1
OL21831A	23
OL21836A	2
OL218440A	1
OL218444A	1
OL218673A	2
OL218707A	6
OL2187724A	1
OL2188025A	1
OL2188762A	1
OL2189290A	1
OL2190097A	1
OL219070A	1
OL219597A	4
OL21970A	1
OL2197124A	2
OL22012A	1
OL22013A	2
OL220198A	1
OL22019A	2
OL22022A	1
OL220263A	3
OL220275A	1
OL22027A	1
OL22028A	22
OL22032A	17
OL2204640A	1
OL2205533A	4
OL22061A	1
OL22098A	6
OL221009A	1
OL221111A	1
OL221159A	1
OL22122A	15
OL221263A	4
OL22132A	5
OL2215266A	1
OL22157A	1
OL22182A	1
OL22242A	18
OL22256A	2
OL22258A	2
OL222977A	1
OL22304A	1
OL223134A	2
OL2235227A	1
OL22358A	9
OL223733A	12
OL2241004A	1
OL2241452A	1
OL2241940A	1
OL22420A	3
OL2242182A	1
OL2242229A	1
OL2242548A	1
OL22426A	1
OL22437A	1
OL2246757A	1
OL2248940A	1
OL224896A	1
OL22508A	1
OL225215A	1
OL225246A	1
OL225331A	1
OL22548A	4
OL22554A	2
OL2256559A	2
OL2256597A	1
OL2256955A	1
OL22583A	15
OL2258506A	1
OL22586A	1
OL2259074A	2
OL22593A	1
OL226126A	4
OL226255A	5
OL226273A	7
OL2265484A	1
OL2266282A	1
OL2269483A	2
OL2272182A	1
OL2272490A	1
OL227339A	1
OL22736A	1
OL227715A	1
OL227888A	1
OL227971A	1
OL2286931A	1
OL228872A	1
OL22973A	13
OL2299257A	1
OL229963A	5
OL230392A	1
OL23048A	3
OL2305533A	2
OL2305835A	1
OL2306359A	1
OL230793A	1
OL23082A	11
OL230855A	1
OL2309742A	2
OL2310173A	1
OL23108A	1
OL2314994A	1
OL2315034A	1
OL2318581A	1
OL231877A	1
OL2319025A	1
OL23222A	42
OL2323155A	1
OL232498A	17
OL232499A	18
OL232501A	1
OL232700A	1
OL232820A	2
OL23326A	36
OL233497A	1
OL2335455A	1
OL233569A	1
OL2337786A	1
OL2338073A	1
OL233814A	28
OL2338232A	1
OL2339207A	1
OL234170A	3
OL23431A	24
OL23432A	1
OL2345042A	1
OL2345998A	1
OL2346580A	1
OL2348462A	1
OL2350000A	1
OL235310A	3
OL2355312A	2
OL236182A	1
OL236390A	1
OL2365048A	1
OL236704A	1
OL2368011A	1
OL23681A	33
OL2368878A	1
OL23696A	7
OL237115A	1
OL237336A	1
OL23761A	5
OL23767A	15
OL2378411A	1
OL237989A	1
OL238268A	2
OL238489A	1
OL2385072A	1
OL2385394A	1
OL2385553A	1
OL2385908A	1
OL2390848A	1
OL2392802A	1
OL2394683A	3
OL2396886A	1
OL239800A	1
OL2399473A	1
OL2399792A	2
OL240421A	1
OL2407737A	1
OL2407966A	1
OL24137A	3
OL241416A	17
OL241532A	1
OL241549A	1
OL2415993A	2
OL2417635A	1
OL24181A	3
OL2418943A	2
OL2419132A	1
OL2419899A	1
OL242067A	1
OL24244A	1
OL242646A	4
OL2428172A	2
OL2435483A	1
OL243711A	1
OL24371A	3
OL243789A	1
OL244097A	7
OL244300A	1
OL244358A	1
OL24452A	3
OL24457A	4
OL24461A	47
OL2447643A	1
OL24502A	1
OL24527A	6
OL24528A	1
OL24529A	3
OL245390A	3
OL2459830A	1
OL24638A	7
OL2465239A	1
OL24708A	3
OL2471027A	1
OL247209A	6
OL24761A	3
OL24762A	4
OL248278A	1
OL248539A	1
OL24950A	2
OL2502501A	1
OL25078A	1
OL25123A	1
OL2515514A	1
OL2516619A	1
OL2517810A	1
OL25234A	3
OL2523669A	1
OL252577A	2
OL253023A	2
OL2532352A	3
OL254163A	1
OL2543194A	1
OL25442A	1
OL2547823A	1
OL2548172A	1
OL25483A	1
OL2553536A	7
OL2558322A	1
OL25630A	1
OL2570949A	4
OL257512A	1
OL2576251A	1
OL25788A	16
OL257959A	1
OL2582274A	1
OL25918A	1
OL25930A	1
OL25931A	8
OL259636A	1
OL25963A	25
OL25965A	1
OL25966A	3
OL25968A	11
OL25969A	1
OL2607114A	1
OL2610977A	1
OL26134A	2
OL2615286A	1
OL2622837A	9
OL262325A	1
OL2623771A	1
OL2623912A	1
OL2623989A	1
OL2624498A	1
OL2625174A	6
OL2627043A	1
OL2627505A	1
OL2627552A	1
OL2628053A	1
OL2628636A	1
OL2628655A	2
OL2629251A	2
OL2629730A	1
OL2630296A	2
OL2630575A	5
OL26306A	1
OL2632003A	1
OL2632008A	6
OL26320A	3
OL263369A	1
OL26370A	3
OL26405A	1
OL26407A	1
OL2641012A	1
OL26435A	1
OL26439A	6
OL2644841A	2
OL2644943A	1
OL2645050A	4
OL2645782A	1
OL26459A	2
OL26460A	5
OL2649309A	1
OL2650281A	1
OL2657048A	1
OL2657570A	10
OL2657571A	1
OL2657660A	1
OL2657666A	1
OL2657944A	3
OL265807A	1
OL26582A	7
OL2658408A	2
OL2658623A	1
OL2658787A	2
OL2658897A	9
OL2659133A	1
OL2659335A	1
OL2659564A	1
OL26595A	1
OL2660296A	1
OL2660314A	1
OL2660342A	13
OL2660555A	3
OL2660684A	1
OL2661281A	1
OL2661282A	1
OL2662007A	1
OL266207A	4
OL2665478A	1
OL26680A	7
OL26681A	11
OL26684A	1
OL2675083A	1
OL2675811A	1
OL2675814A	1
OL2675871A	1
OL2676111A	1
OL2676114A	1
OL2676215A	1
OL2676404A	1
OL26783A	10
OL2685190A	1
OL2687190A	7
OL2687452A	1
OL2688089A	16
OL2688714A	1
OL2688998A	4
OL2689875A	1
OL269058A	1
OL2691124A	1
OL2691439A	1
OL2691440A	1
OL26952A	15
OL2698447A	1
OL26997A	10
OL2701579A	1
OL2701856A	1
OL2703302A	1
OL2703357A	1
OL2703408A	4
OL2703462A	1
OL2703470A	1
OL27042A	1
OL2705556A	1
OL27064A	2
OL27107A	1
OL27112A	1
OL2711632A	12
OL2711717A	1
OL2711905A	1
OL2724663A	1
OL2725285A	1
OL2726178A	1
OL27272A	5
OL27278A	1
OL272947A	1
OL2733216A	1
OL2734499A	2
OL27349A	10
OL27388A	1
OL27395A	1
OL27436A	5
OL27452A	2
OL2745528A	1
OL2745734A	1
OL2746148A	1
OL2747362A	1
OL2747415A	1
OL2748402A	3
OL2748652A	1
OL2748725A	1
OL2751790A	1
OL2751923A	1
OL27524A	4
OL275314A	1
OL2755134A	1
OL276008A	1
OL2760992A	1
OL2763372A	1
OL27662A	2
OL27695A	59
OL27709A	2
OL2771367A	1
OL2771373A	3
OL27782A	6
OL2781391A	2
OL2786936A	2
OL27871A	1
OL279395A	1
OL27951A	1
OL2795965A	1
OL2796155A	1
OL2797372A	2
OL279921A	3
OL2800460A	1
OL28012A	8
OL2802452A	1
OL2804329A	1
OL28100A	1
OL28104A	1
OL28127A	26
OL28135A	2
OL2815880A	1
OL28169A	1
OL28188A	2
OL2824286A	1
OL2827465A	9
OL2827605A	1
OL2829308A	1
OL28314A	5
OL2831722A	1
OL28331A	1
OL283368A	1
OL2839464A	1
OL28409A	9
OL284540A	1
OL28493A	1
OL2852504A	1
OL28559A	1
OL2856431A	1
OL28577A	1
OL28641A	6
OL2864498A	1
OL2865628A	1
OL2865746A	1
OL286951A	1
OL28717A	1
OL28725A	4
OL2873449A	1
OL2878412A	1
OL288327A	2
OL2890A	6
OL289229A	1
OL2893356A	1
OL2893404A	8
OL2898332A	1
OL28989A	3
OL2899619A	1
OL2901305A	1
OL290346A	1
OL290551A	1
OL29079A	2
OL29097A	8
OL2913162A	1
OL2913279A	4
OL29174A	4
OL29282A	1
OL292878A	5
OL293005A	2
OL2930260A	1
OL29321A	1
OL2935640A	1
OL2937134A	1
OL2937242A	1
OL29388A	12
OL29390A	2
OL29465A	3
OL29497A	5
OL2950778A	1
OL295133A	1
OL2952676A	1
OL295337A	1
OL2955913A	1
OL2956052A	1
OL2957106A	1
OL2958017A	1
OL29586A	18
OL29599A	5
OL296177A	1
OL29622A	1
OL2962430A	2
OL2962563A	1
OL2964952A	1
OL29698A	9
OL2974055A	1
OL29754A	1
OL29784A	2
OL2980448A	1
OL298044A	3
OL2984531A	1
OL29858A	2
OL2985946A	5
OL2986249A	1
OL29881A	9
OL2988575A	1
OL29961A	2
OL30012A	1
OL30013A	3
OL300804A	1
OL300813A	11
OL301491A	2
OL30150A	5
OL30224A	4
OL30241A	1
OL30250A	1
OL3028457A	1
OL30350A	57
OL3039404A	2
OL3039420A	1
OL3043185A	1
OL3043845A	1
OL30490A	1
OL30514A	4
OL30526A	2
OL30553A	1
OL3070153A	2
OL3071178A	1
OL3073641A	1
OL3076444A	1
OL30771A	1
OL3083047A	1
OL3087367A	1
OL30895A	10
OL3091160A	1
OL309380A	1
OL30968A	1
OL31012A	5
OL310397A	2
OL31051A	1
OL3113220A	1
OL3113483A	1
OL31215A	4
OL31236A	1
OL3127213A	1
OL3127830A	1
OL3128565A	1
OL3130918A	3
OL3137515A	1
OL31381A	1
OL3143664A	2
OL31482A	4
OL3152608A	8
OL3154806A	1
OL31574A	8
OL316633A	4
OL316701A	1
OL316732A	1
OL316805A	3
OL316825A	1
OL316828A	1
OL316860A	1
OL316861A	2
OL316873A	1
OL316972A	2
OL316976A	8
OL317224A	9
OL317227A	1
OL3172562A	1
OL317267A	4
OL31727A	4
OL317331A	2
OL317339A	1
OL317344A	1
OL317409A	2
OL317415A	1
OL317466A	1
OL317518A	2
OL317526A	1
OL31827A	6
OL31862A	1
OL31872A	1
OL31901A	4
OL3195049A	1
OL3204254A	1
OL320813A	1
OL32115A	2
OL3212844A	1
OL3214523A	1
OL3214756A	1
OL3214922A	1
OL32153A	1
OL321738A	1
OL32217A	1
OL32222A	2
OL32271A	10
OL32283A	1
OL32292A	2
OL3231662A	1
OL3231692A	3
OL3236330A	1
OL32541A	24
OL325487A	2
OL32551A	1
OL325801A	2
OL32584A	4
OL3258606A	2
OL3261338A	1
OL3261339A	1
OL32650A	1
OL3267286A	1
OL3269230A	1
OL32772A	24
OL32773A	2
OL328254A	2
OL3288261A	1
OL3297607A	1
OL3298601A	1
OL3303816A	1
OL33088A	1
OL3309163A	1
OL33113A	1
OL331289A	2
OL33146A	6
OL332091A	1
OL33217A	1
OL33261A	4
OL33283A	1
OL3339704A	1
OL33432A	1
OL33439A	9
OL33442A	6
OL33452A	1
OL33575A	2
OL33580A	2
OL33585A	25
OL33600A	1
OL33621A	2
OL336312A	1
OL336474A	1
OL33682A	16
OL3369325A	1
OL3371615A	1
OL337772A	4
OL337852A	1
OL33842A	12
OL3384478A	1
OL33909A	1
OL3394361A	1
OL34047A	12
OL340679A	2
OL340903A	5
OL340972A	1
OL341129A	1
OL34125A	1
OL3417251A	1
OL3417821A	1
OL34184A	1
OL342112A	1
OL342146A	2
OL34221A	4
OL342487A	2
OL343157A	1
OL3434303A	1
OL343493A	1
OL34360A	1
OL34485A	1
OL345029A	1
OL3451319A	1
OL34517A	1
OL345358A	1
OL3458871A	1
OL3460462A	1
OL3464451A	1
OL3466046A	1
OL3477047A	2
OL348819A	1
OL348830A	1
OL3513928A	4
OL35175A	1
OL3517920A	2
OL35183A	4
OL3524622A	1
OL352591A	1
OL3530908A	1
OL3538090A	1
OL35440A	1
OL355069A	1
OL355899A	1
OL3572588A	1
OL358183A	1
OL35839A	1
OL3588885A	1
OL361442A	1
OL36233A	1
OL3635733A	2
OL3641956A	1
OL3647288A	1
OL365212A	1
OL3657219A	1
OL36575A	1
OL366346A	2
OL3666160A	1
OL368154A	1
OL3698264A	1
OL3698354A	1
OL3699732A	1
OL370241A	1
OL3705044A	1
OL371194A	6
OL3732953A	1
OL37503A	5
OL376677A	1
OL3769097A	1
OL3774866A	1
OL37752A	12
OL3776988A	1
OL37887A	1
OL3802409A	1
OL3810131A	1
OL381867A	4
OL3823412A	1
OL38266A	1
OL383980A	2
OL3841674A	1
OL384206A	1
OL385592A	2
OL385813A	9
OL385905A	1
OL386202A	1
OL3869A	2
OL3871147A	3
OL3879483A	1
OL388652A	1
OL389881A	1
OL390842A	2
OL39125A	1
OL391385A	13
OL39160A	5
OL391958A	1
OL39228A	1
OL392757A	2
OL39314A	1
OL393889A	1
OL3941062A	1
OL39411A	2
OL394640A	2
OL394726A	8
OL39485A	13
OL395146A	5
OL39524A	1
OL3957115A	1
OL39597A	2
OL396281A	2
OL39639A	5
OL39640A	1
OL396615A	3
OL39750A	1
OL397914A	1
OL39808A	1
OL39937A	7
OL399682A	2
OL399724A	1
OL40043A	1
OL4014617A	1
OL4014743A	1
OL40179A	1
OL402238A	3
OL402869A	2
OL403766A	1
OL4038782A	3
OL405101A	1
OL408063A	3
OL408500A	2
OL409642A	1
OL410117A	12
OL41426A	1
OL415781A	2
OL417732A	1
OL41785A	11
OL418406A	1
OL41961A	1
OL42037A	3
OL4222300A	1
OL422396A	1
OL425291A	2
OL426090A	1
OL426869A	1
OL4278548A	1
OL4279975A	1
OL4280300A	2
OL4280469A	1
OL4280600A	2
OL4280625A	1
OL4280768A	1
OL4280815A	1
OL428165A	1
OL428166A	1
OL4286945A	1
OL428743A	1
OL4288429A	2
OL4293168A	1
OL430694A	1
OL430813A	1
OL430972A	1
OL431822A	1
OL4320415A	1
OL4322399A	1
OL4324168A	1
OL4324199A	1
OL4324443A	1
OL4326372A	1
OL4326986A	2
OL4327652A	1
OL4328696A	15
OL4328A	1
OL4334838A	1
OL4335284A	2
OL4336199A	1
OL434151A	1
OL4342369A	14
OL434658A	1
OL43527A	1
OL4352886A	2
OL4353595A	3
OL4354738A	1
OL4358493A	4
OL436375A	1
OL4363797A	3
OL436779A	1
OL4372383A	1
OL4374003A	1
OL4389142A	1
OL4392694A	1
OL4397788A	3
OL440124A	2
OL440676A	2
OL44231A	1
OL442467A	1
OL442995A	5
OL442999A	1
OL4432436A	1
OL4435794A	2
OL44383A	1
OL44391A	4
OL444026A	1
OL444620A	1
OL444895A	1
OL445009A	1
OL4452514A	2
OL4452557A	1
OL4453593A	1
OL4461249A	1
OL44633A	37
OL448253A	1
OL448478A	1
OL448596A	2
OL448782A	1
OL448937A	2
OL449104A	2
OL449660A	1
OL450307A	1
OL450538A	1
OL45098A	1
OL451814A	1
OL4519252A	1
OL4522096A	1
OL452335A	2
OL4527630A	1
OL453859A	2
OL45468A	1
OL455803A	1
OL4558397A	1
OL456362A	5
OL456666A	1
OL457425A	5
OL457723A	1
OL457872A	6
OL458848A	1
OL4620519A	1
OL4621647A	1
OL46216A	2
OL462466A	1
OL4625011A	1
OL464132A	2
OL465130A	20
OL4683A	3
OL468539A	1
OL469495A	1
OL4700336A	1
OL470666A	1
OL471601A	4
OL471665A	1
OL4724488A	1
OL472845A	1
OL4728946A	1
OL472979A	1
OL4736262A	1
OL47492A	3
OL47639A	2
OL4767104A	1
OL4771703A	1
OL4777673A	1
OL4778096A	1
OL4783257A	1
OL4786420A	1
OL47908A	5
OL4795384A	1
OL4799333A	1
OL4802065A	1
OL4802070A	1
OL48119A	4
OL48139A	11
OL482364A	1
OL4829695A	1
OL48458A	11
OL486298A	1
OL4876635A	1
OL4902154A	1
OL49026A	4
OL492102A	2
OL4944913A	1
OL49700A	3
OL497213A	1
OL498776A	2
OL49934A	2
OL49991A	1
OL500364A	1
OL50109A	16
OL5013618A	1
OL50251A	3
OL5025643A	4
OL503853A	1
OL5057233A	1
OL507165A	1
OL50741A	3
OL509133A	1
OL511114A	1
OL5116752A	1
OL511710A	1
OL513270A	2
OL513785A	1
OL5148378A	2
OL51716A	1
OL51998A	6
OL52008A	2
OL521381A	1
OL521473A	1
OL52180A	1
OL5244249A	1
OL52486A	1
OL526989A	1
OL527120A	1
OL527374A	1
OL5279276A	1
OL529915A	5
OL530290A	1
OL532139A	1
OL53305A	1
OL533155A	1
OL534194A	1
OL535666A	1
OL53680A	1
OL53779A	1
OL538087A	4
OL539397A	5
OL539458A	2
OL540486A	2
OL540493A	1
OL5410980A	1
OL5422622A	1
OL5436174A	1
OL54405A	1
OL544344A	4
OL545566A	1
OL546333A	1
OL54758A	1
OL548483A	3
OL5489432A	1
OL549458A	1
OL549459A	1
OL551881A	1
OL552852A	2
OL553226A	1
OL554155A	7
OL5580111A	3
OL558099A	9
OL5590569A	1
OL559804A	1
OL560261A	5
OL560317A	9
OL5609281A	4
OL561107A	1
OL561457A	1
OL56244A	3
OL5630015A	1
OL56353A	1
OL5661719A	1
OL56636A	1
OL5676117A	1
OL5703637A	1
OL57263A	17
OL575542A	1
OL575609A	1
OL576232A	2
OL577477A	6
OL577783A	5
OL578113A	4
OL578337A	10
OL578569A	1
OL578737A	1
OL578783A	2
OL580551A	5
OL580795A	11
OL581406A	2
OL581500A	1
OL5816217A	5
OL58174A	2
OL581882A	1
OL58198A	5
OL58212A	1
OL583194A	3
OL584955A	1
OL5868319A	1
OL586886A	3
OL589077A	1
OL589400A	1
OL58950A	1
OL590889A	1
OL5911201A	4
OL591204A	6
OL5916532A	1
OL59188A	5
OL593898A	1
OL5940936A	1
OL5942629A	1
OL595213A	6
OL5953167A	1
OL597559A	1
OL5983176A	2
OL5988813A	1
OL5990577A	1
OL5990843A	1
OL5991559A	5
OL5992216A	1
OL5992432A	1
OL5993904A	2
OL5994882A	1
OL6000373A	1
OL6001513A	1
OL6015010A	1
OL6020645A	1
OL602587A	1
OL6026147A	1
OL6028715A	1
OL6030603A	1
OL60458A	1
OL605044A	8
OL6061552A	1
OL607039A	1
OL607395A	1
OL60791A	1
OL6080567A	2
OL608235A	1
OL6084190A	1
OL6086971A	1
OL61295A	2
OL61475A	1
OL615934A	1
OL619035A	1
OL6192175A	1
OL62102A	1
OL6216337A	1
OL6216743A	1
OL6225644A	1
OL623734A	2
OL6274279A	1
OL6287601A	1
OL62888A	1
OL62982A	1
OL63258A	1
OL63285A	3
OL637216A	5
OL640385A	1
OL6421834A	1
OL64296A	1
OL6431429A	1
OL6449688A	1
OL6478250A	1
OL6499041A	1
OL65273A	1
OL6529932A	1
OL6539768A	1
OL6541308A	1
OL65682A	6
OL6571234A	1
OL657901A	1
OL659046A	1
OL659498A	1
OL65966A	5
OL6619666A	1
OL66452A	1
OL66700A	1
OL6722249A	1
OL673325A	2
OL673748A	1
OL67707A	4
OL677865A	1
OL6787831A	1
OL6788580A	1
OL6809750A	1
OL6815747A	1
OL6816362A	1
OL6817796A	1
OL6818025A	1
OL6819358A	1
OL6824A	1
OL68313A	2
OL68315A	8
OL683896A	1
OL68455A	3
OL6851831A	1
OL685619A	6
OL6859020A	1
OL685975A	1
OL68704A	7
OL687981A	1
OL688142A	1
OL688643A	1
OL6886576A	1
OL6898863A	11
OL6899222A	5
OL689972A	1
OL6901900A	1
OL690355A	1
OL6905570A	1
OL6924798A	1
OL6925939A	1
OL6926367A	8
OL693025A	1
OL6941822A	1
OL694301A	2
OL694360A	11
OL6949516A	1
OL6962599A	2
OL6968803A	1
OL6968990A	1
OL6981084A	1
OL6983699A	1
OL6987430A	2
OL6988036A	1
OL70227A	1
OL70343A	1
OL70348A	1
OL7073972A	1
OL70788A	2
OL70874A	1
OL709314A	1
OL70948A	1
OL709550A	16
OL710654A	4
OL7106665A	1
OL711625A	1
OL7123339A	5
OL712383A	2
OL71308A	1
OL713108A	1
OL714210A	1
OL714442A	6
OL714657A	1
OL71477A	1
OL715014A	2
OL715297A	8
OL715648A	1
OL715817A	1
OL71598A	1
OL716992A	1
OL7173504A	1
OL7184407A	1
OL719256A	1
OL7224757A	1
OL722936A	1
OL723913A	1
OL725921A	1
OL7272022A	1
OL727617A	1
OL72851A	1
OL728636A	1
OL7297273A	1
OL7303276A	1
OL73090A	6
OL7315206A	1
OL7317496A	1
OL7328506A	1
OL73351A	1
OL7337718A	1
OL7346331A	1
OL7379579A	1
OL743153A	1
OL7432057A	1
OL7434699A	1
OL74403A	1
OL74469A	2
OL74490A	2
OL745928A	1
OL7470491A	1
OL747214A	1
OL7479068A	1
OL7480823A	1
OL7481654A	1
OL7485066A	1
OL7490356A	1
OL74978A	1
OL7499493A	1
OL7513496A	1
OL75235A	1
OL7532933A	5
OL7533080A	1
OL7546030A	1
OL7547636A	5
OL7548358A	1
OL7552034A	9
OL7553925A	1
OL7568297A	1
OL756864A	1
OL7597674A	1
OL76009A	7
OL761501A	18
OL7623061A	1
OL7623096A	1
OL7625969A	1
OL7628788A	1
OL7632339A	1
OL763964A	3
OL76437A	10
OL765158A	1
OL7654716A	1
OL765579A	1
OL765631A	1
OL7656712A	1
OL766145A	1
OL766555A	21
OL767343A	1
OL7678129A	1
OL7680902A	1
OL76827A	1
OL769457A	5
OL769474A	1
OL769654A	1
OL770107A	1
OL77081A	18
OL77089A	3
OL771377A	15
OL772829A	2
OL7733747A	2
OL773783A	4
OL774458A	1
OL774728A	1
OL774814A	4
OL7761155A	1
OL776899A	1
OL777018A	1
OL777790A	2
OL778165A	1
OL7783049A	1
OL778567A	1
OL7791183A	1
OL7803817A	1
OL781814A	1
OL7830906A	1
OL783392A	1
OL78805A	5
OL78815A	2
OL788378A	1
OL7885493A	1
OL7885494A	1
OL788913A	1
OL7893211A	1
OL7896048A	1
OL79003A	1
OL79039A	7
OL79066A	1
OL7908367A	2
OL7921283A	1
OL7923753A	1
OL7923754A	1
OL793242A	1
OL7932848A	1
OL7933943A	1
OL7934667A	1
OL79396A	1
OL7942110A	1
OL794534A	1
OL7945937A	1
OL79477A	1
OL794876A	1
OL7952135A	1
OL795451A	9
OL79624A	1
OL79640A	1
OL79720A	1
OL7983937A	1
OL7991014A	1
OL8013654A	1
OL8015333A	1
OL8016149A	1
OL8029615A	1
OL80426A	2
OL8043898A	1
OL80534A	2
OL809238A	1
OL8106074A	1
OL812291A	3
OL8150316A	1
OL8160A	2
OL8176287A	1
OL8176288A	1
OL82155A	1
OL8240157A	1
OL8248349A	1
OL8248605A	1
OL828263A	1
OL82868A	3
OL82891A	1
OL8293860A	1
OL829563A	1
OL829834A	1
OL830214A	1
OL831217A	1
OL8315419A	1
OL8318277A	1
OL833641A	1
OL834168A	1
OL835013A	1
OL83503A	2
OL8361345A	1
OL836234A	1
OL8370471A	1
OL83751A	1
OL838091A	1
OL838362A	1
OL839555A	1
OL840166A	1
OL840183A	1
OL8402024A	1
OL8402543A	1
OL840964A	1
OL841130A	2
OL841208A	1
OL841402A	4
OL8424664A	1
OL8447748A	1
OL8465367A	1
OL8477044A	1
OL849503A	1
OL8515347A	1
OL8516079A	1
OL85357A	1
OL8591582A	1
OL8597178A	1
OL864542A	1
OL8648916A	1
OL865536A	1
OL866294A	1
OL866650A	1
OL8670959A	1
OL86757A	3
OL872154A	1
OL879668A	1
OL879719A	1
OL88204A	1
OL888434A	2
OL888663A	1
OL888706A	4
OL88882A	1
OL889814A	2
OL889822A	1
OL890163A	1
OL890833A	4
OL891488A	4
OL891528A	1
OL891758A	4
OL892147A	2
OL893532A	1
OL894074A	1
OL894534A	1
OL8961129A	1
OL8961130A	1
OL8961131A	1
OL896624A	18
OL904198A	2
OL904271A	1
OL906030A	2
OL9082662A	1
OL9084876A	1
OL9085060A	1
OL9092651A	1
OL910273A	3
OL9103427A	1
OL9107789A	1
OL9119145A	1
OL9119578A	1
OL9141195A	1
OL9147239A	1
OL915070A	1
OL91522A	6
OL9161902A	7
OL916848A	3
OL9170791A	1
OL917138A	1
OL9172169A	2
OL9209348A	1
OL9213640A	1
OL9216769A	1
OL9220446A	1
OL9220447A	1
OL9240572A	1
OL92518A	2
OL9258393A	1
OL9259444A	1
OL9260057A	2
OL9260607A	1
OL9265665A	1
OL9277378A	1
OL92779A	3
OL92800A	1
OL9288156A	1
OL9297879A	1
OL93118A	1
OL93286A	6
OL933243A	1
OL9338560A	1
OL93432A	1
OL9355783A	1
OL9360144A	3
OL9385978A	1
OL9388A	4
OL9397813A	1
OL9428816A	1
OL9428817A	1
OL943084A	11
OL9440312A	1
OL9460751A	1
OL946631A	3
OL9474818A	1
OL9477965A	1
OL947807A	1
OL947964A	1
OL9479804A	1
OL9494793A	1
OL9505024A	1
OL951137A	1
OL951438A	3
OL951654A	1
OL951984A	4
OL952381A	1
OL952410A	3
OL952964A	1
OL954408A	1
OL955424A	2
OL955613A	3
OL955690A	1
OL956671A	1
OL9567913A	1
OL9572684A	1
OL957796A	1
OL9600860A	1
OL9617632A	1
OL9622051A	1
OL9622052A	1
OL9626338A	1
OL963361A	1
OL9644276A	1
OL964706A	1
OL9650732A	1
OL9656039A	1
OL9690296A	1
OL9708655A	1
OL9708656A	1
OL9769832A	1
OL9776484A	1
OL9776514A	1
OL9777A	1
OL981787A	1
OL9855685A	1
OL9861807A	1
OL986502A	1
OL9880679A	1
OL9895020A	1
OL990216A	3
OL9904721A	1
OL990605A	1
OL9914368A	1
OL993246A	1
OL993249A	1
OL9942206A	1
OL9949450A	1
OL998925A	1
